College_ID,College_Name,State,District,City,College_Type,Ownership,Affiliated_University,NAAC_Grade,NIRF_Rank,AICTE_Approved,Hostel_Available,Official_Website,Admission_URL,Notes,Source
KA-ENG-001,National Institute of Technology Karnataka Surathkal,Karnataka,Dakshina Kannada,Surathkal,Engineering,Government,Autonomous (NIT),A,11,Yes,Yes,https://www.nitk.ac.in,Unknown,National Institute of Technology; Institute of National Importance under NIT Act 2007,NIRF 2024 Engineering Ranking; nitk.ac.in
KA-ENG-002,Manipal Institute of Technology,Karnataka,Udupi,Manipal,Engineering,Deemed,Manipal Academy of Higher Education (MAHE),A++,72,Yes,Yes,https://manipal.edu/mit.html,Unknown,Constituent institute of MAHE (Deemed-to-be-University),NIRF 2024 Engineering Ranking; MAHE official website
KA-ENG-003,International Institute of Information Technology Bangalore,Karnataka,Bengaluru Urban,Bengaluru,Engineering,Deemed,Autonomous (Deemed University),Unknown,73,Yes,Unknown,https://www.iiitb.ac.in,Unknown,Deemed-to-be-University; public-private partnership model,NIRF 2024 Engineering Ranking; iiitb.ac.in
KA-ENG-004,M. S. Ramaiah Institute of Technology,Karnataka,Bengaluru Urban,Bengaluru,Engineering,Private,Visvesvaraya Technological University (VTU),A+,82,Yes,Unknown,https://www.msrit.edu,Unknown,Autonomous institution affiliated to VTU,NIRF 2024 Engineering Ranking; msrit.edu
KA-ENG-005,Christ University,Karnataka,Bengaluru Urban,Bengaluru,Multi-Disciplinary,Deemed,Autonomous (Deemed University),A+,93,Yes,Yes,https://christuniversity.in,Unknown,"Deemed-to-be-University; offers programs across Engineering, Commerce, Management, Law, Science, Humanities",NIRF 2024 Engineering Ranking; christuniversity.in; NAAC accreditation report
KA-ENG-006,Jain University,Karnataka,Bengaluru Urban,Bengaluru,Multi-Disciplinary,Deemed,Autonomous (Deemed University),A++,95,Yes,Yes,https://www.jainuniversity.ac.in,Unknown,"Deemed-to-be-University; offers Engineering, Commerce, Management, Science, Design, and more",NIRF 2024 Engineering Ranking; jainuniversity.ac.in; NAAC accreditation report
KA-ENG-007,R. V. College of Engineering,Karnataka,Bengaluru Urban,Bengaluru,Engineering,Private,Visvesvaraya Technological University (VTU),A+,99,Yes,Unknown,https://rvce.edu.in,Unknown,Autonomous institution affiliated to VTU; run by Rashtreeya Sikshana Samithi Trust,NIRF 2024 Engineering Ranking; rvce.edu.in; naac.rvce.edu.in
KA-ENG-008,Siddaganga Institute of Technology,Karnataka,Tumakuru,Tumakuru,Engineering,Private,Visvesvaraya Technological University (VTU),A++,100,Yes,Yes,https://sit.ac.in,Unknown,Autonomous institution affiliated to VTU,NIRF 2024 Engineering Ranking; sit.ac.in
KA-ENG-009,Indian Institute of Technology Dharwad,Karnataka,Dharwad,Dharwad,Engineering,Government,Autonomous (IIT),Unknown,Band 101-150,Not Applicable,Yes,https://www.iitdh.ac.in,Unknown,Indian Institute of Technology; Institute of National Importance. Newer IIT (established 2016); NAAC accreditation not yet sought.,NIRF 2024 Engineering Ranking; iitdh.ac.in
KA-ENG-010,Nitte Meenakshi Institute of Technology,Karnataka,Bengaluru Urban,Bengaluru,Engineering,Deemed,Nitte (Deemed-to-be-University),A+,Band 101-150,Yes,Unknown,https://nmit.ac.in,Unknown,Constituent college of Nitte Deemed-to-be-University since October 2024,NIRF 2024 Engineering Ranking; nmit.ac.in; nitte.edu.in
KA-ENG-011,PES University,Karnataka,Bengaluru Urban,Bengaluru,Multi-Disciplinary,Deemed,Autonomous (Deemed University),Unknown,Band 101-150,Yes,Unknown,https://pes.edu,Unknown,Deemed-to-be-University (since 2013). NAAC grade unclear/conflicting across sources — left blank rather than guess.,NIRF 2024 Engineering Ranking; pes.edu
KA-ENG-012,B. M. S. College of Engineering,Karnataka,Bengaluru Urban,Bengaluru,Engineering,Government-Aided,Visvesvaraya Technological University (VTU),A++,Band 151-200,Yes,Unknown,https://bmsce.ac.in,Unknown,Government-aided autonomous institution affiliated to VTU,NIRF 2024 Engineering Ranking; bmsce.ac.in
KA-ENG-013,C M R Institute of Technology,Karnataka,Bengaluru Urban,Bengaluru,Engineering,Private,Visvesvaraya Technological University (VTU),A++,Band 151-200,Yes,Unknown,https://www.cmrit.ac.in,Unknown,Autonomous institution affiliated to VTU,NIRF 2024 Engineering Ranking; cmrit.ac.in
KA-ENG-014,KLE Technological University,Karnataka,Dharwad,Hubballi,Engineering,Deemed,Autonomous (Deemed University),A++,Band 151-200,Yes,Unknown,https://www.kletech.ac.in,Unknown,Deemed-to-be-University,NIRF 2024 Engineering Ranking; kletech.ac.in
KA-ENG-015,New Horizon College of Engineering,Karnataka,Bengaluru Urban,Bengaluru,Engineering,Private,Visvesvaraya Technological University (VTU),A,Band 151-200,Yes,Unknown,https://newhorizoncollegeofengineering.in,Unknown,Autonomous institution affiliated to VTU,NIRF 2024 Engineering Ranking; newhorizoncollegeofengineering.in
KA-ENG-016,NMAM Institute of Technology,Karnataka,Udupi,Nitte,Engineering,Deemed,Nitte (Deemed-to-be-University),A,Band 151-200,Yes,Unknown,https://nmamit.nitte.edu.in,Unknown,Constituent college of Nitte Deemed-to-be-University,NIRF 2024 Engineering Ranking; nmamit.nitte.edu.in; nitte.edu.in
KA-ENG-017,The National Institute of Engineering,Karnataka,Mysuru,Mysuru,Engineering,Government-Aided,Visvesvaraya Technological University (VTU),B++,Band 151-200,Yes,Unknown,https://nie.ac.in,Unknown,Government-aided autonomous institution affiliated to VTU. NAAC grade B++ corroborated across multiple independent sources.,NIRF 2024 Engineering Ranking; nie.ac.in
KA-MED-001,Bangalore Medical College and Research Institute,Karnataka,Bengaluru Urban,Bengaluru,Medical,Government,Rajiv Gandhi University of Health Sciences (RGUHS),Unknown,Unknown,Not Applicable,Yes,https://bmcri.org,Unknown,Premier government medical college in Karnataka; attached to Victoria Hospital and Vani Vilas Hospital,NMC recognized medical college list; bmcri.org; KEA NEET counselling
KA-MED-002,Kasturba Medical College Manipal,Karnataka,Udupi,Manipal,Medical,Deemed,Manipal Academy of Higher Education (MAHE),A++,Unknown,Not Applicable,Yes,https://manipal.edu/kmc-manipal.html,Unknown,Constituent of MAHE Deemed University. NAAC grade reflects parent university MAHE.,NMC recognized medical college list; manipal.edu; NIRF Medical Ranking 2024
KA-MED-003,JSS Medical College,Karnataka,Mysuru,Mysuru,Medical,Deemed,JSS Academy of Higher Education and Research,A+,Unknown,Not Applicable,Yes,https://www.jssuni.edu.in,Unknown,Constituent of JSS Academy of Higher Education and Research (Deemed University),NMC recognized medical college list; jssuni.edu.in
KA-MED-004,St. John's Medical College,Karnataka,Bengaluru Urban,Bengaluru,Medical,Private,Rajiv Gandhi University of Health Sciences (RGUHS),Unknown,Unknown,Not Applicable,Yes,https://www.stjohns.in,Unknown,Minority institution; well-established private medical college,NMC recognized medical college list; stjohns.in; KEA NEET counselling
KA-LAW-001,National Law School of India University,Karnataka,Bengaluru Urban,Bengaluru,Law,Government,Autonomous (National Law University),A,Unknown,Not Applicable,Yes,https://www.nls.ac.in,Unknown,First National Law University in India; established by Karnataka state legislature. Admits through CLAT.,NIRF Law Ranking 2024; nls.ac.in; CLAT Consortium
KA-MGT-001,Indian Institute of Management Bangalore,Karnataka,Bengaluru Urban,Bengaluru,Management,Government,Autonomous (IIM),Unknown,Unknown,Not Applicable,Yes,https://www.iimb.ac.in,Unknown,"Institute of National Importance under IIM Act 2017. Primarily postgraduate (MBA/PGP), but NIRF ranks under Management.",NIRF Management Ranking 2024; iimb.ac.in
KA-PHR-001,JSS College of Pharmacy Mysuru,Karnataka,Mysuru,Mysuru,Pharmacy,Deemed,JSS Academy of Higher Education and Research,A+,Unknown,Yes,Unknown,https://www.jssuni.edu.in,Unknown,Constituent of JSS Academy of Higher Education and Research. PCI approved.,NIRF Pharmacy Ranking 2024; PCI approved list; jssuni.edu.in
KA-AGR-001,University of Agricultural Sciences Bangalore,Karnataka,Bengaluru Urban,Bengaluru,Agriculture,Government,Autonomous (State Agricultural University),Unknown,Unknown,Not Applicable,Yes,https://uasbangalore.edu.in,Unknown,State agricultural university; established 1964. Admits through KCET for B.Sc Agriculture.,ICAR recognized; uasbangalore.edu.in; KEA counselling
KA-AGR-002,University of Agricultural Sciences Dharwad,Karnataka,Dharwad,Dharwad,Agriculture,Government,Autonomous (State Agricultural University),Unknown,Unknown,Not Applicable,Yes,https://uasd.edu,Unknown,State agricultural university. Admits through KCET for B.Sc Agriculture.,ICAR recognized; uasd.edu; KEA counselling
KA-SCI-001,Indian Institute of Science,Karnataka,Bengaluru Urban,Bengaluru,Science,Government,Autonomous (Deemed University / Institute of Eminence),A++,Unknown,Not Applicable,Yes,https://www.iisc.ac.in,Unknown,Premier research institution. Deemed University. Institute of Eminence. Offers 4-year B.S. program through KVPY/JEE Advanced.,NIRF Overall/University Ranking 2024; iisc.ac.in; NAAC accreditation
KA-DES-001,National Institute of Fashion Technology Bengaluru,Karnataka,Bengaluru Urban,Bengaluru,Design,Government,NIFT (Autonomous under Ministry of Textiles),Unknown,Unknown,Not Applicable,Unknown,https://www.nift.ac.in/bangalore,https://www.nift.ac.in/admission,Government institute under Ministry of Textiles. Admits through NIFT entrance exam.,NIFT official website; nift.ac.in
TN-ENG-001,Indian Institute of Technology Madras,Tamil Nadu,Chennai,Chennai,Engineering,Government,Autonomous (IIT),Unknown,1,Not Applicable,Yes,https://www.iitm.ac.in,Unknown,Institute of National Importance. Consistently ranked #1 in NIRF Engineering.,NIRF 2024 Engineering Ranking (#1); iitm.ac.in
TN-ENG-002,National Institute of Technology Tiruchirappalli,Tamil Nadu,Tiruchirappalli,Tiruchirappalli,Engineering,Government,Autonomous (NIT),A++,Unknown,Yes,Yes,https://www.nitt.edu,Unknown,National Institute of Technology; Institute of National Importance. One of the top-ranked NITs.,NIRF 2024 Engineering Ranking; nitt.edu
TN-ENG-003,College of Engineering Guindy (Anna University),Tamil Nadu,Chennai,Chennai,Engineering,Government,Anna University,A++,Unknown,Yes,Yes,https://www.annauniv.edu,Unknown,Oldest technical institution in Asia (est. 1794). Constituent college of Anna University. Admits through TNEA counselling.,NIRF 2024 University/Engineering Ranking; annauniv.edu
TN-ENG-004,Vellore Institute of Technology,Tamil Nadu,Vellore,Vellore,Multi-Disciplinary,Deemed,Autonomous (Deemed University),A++,Unknown,Yes,Yes,https://vit.ac.in,Unknown,"Deemed-to-be-University. Admits through VITEEE entrance exam. Offers Engineering, Science, Management, Law programs.",NIRF 2024 Engineering Ranking; vit.ac.in; NAAC accreditation
TN-ENG-005,SRM Institute of Science and Technology,Tamil Nadu,Chengalpattu,Kattankulathur,Multi-Disciplinary,Deemed,Autonomous (Deemed University),A++,Unknown,Yes,Yes,https://www.srmist.edu.in,Unknown,"Deemed-to-be-University. Admits through SRMJEE entrance exam. Offers Engineering, Medical, Management, Science, Law programs.",NIRF 2024 Engineering Ranking; srmist.edu.in; NAAC accreditation
TN-ENG-006,PSG College of Technology,Tamil Nadu,Coimbatore,Coimbatore,Engineering,Government-Aided,Anna University,A+,Unknown,Yes,Yes,https://www.psgtech.edu,Unknown,Government-aided autonomous college affiliated to Anna University. Admits through TNEA.,NIRF 2024 Engineering Ranking; psgtech.edu
TN-MED-001,Christian Medical College Vellore,Tamil Nadu,Vellore,Vellore,Medical,Private,Tamil Nadu Dr. M.G.R. Medical University,A++,Unknown,Not Applicable,Yes,https://www.cmch-vellore.edu,Unknown,Minority institution; one of the most highly regarded medical colleges in India. NEET counselling.,NIRF 2024 Medical Ranking; NMC recognized list; cmch-vellore.edu; NAAC accreditation
TN-MED-002,Madras Medical College,Tamil Nadu,Chennai,Chennai,Medical,Government,Tamil Nadu Dr. M.G.R. Medical University,Unknown,Unknown,Not Applicable,Yes,Unknown,Unknown,One of the oldest medical colleges in India (est. 1835). Government medical college.,NMC recognized medical college list; TN NEET state counselling
TN-MED-003,Sri Ramachandra Institute of Higher Education and Research,Tamil Nadu,Chennai,Chennai,Medical,Deemed,Autonomous (Deemed University),A+,Unknown,Not Applicable,Yes,https://www.sriramachandra.edu.in,Unknown,"Deemed-to-be-University. Offers Medical, Dental, Pharmacy, Nursing, Allied Health programs.",NMC recognized; NIRF 2024 Medical Ranking; sriramachandra.edu.in
TN-LAW-001,Tamil Nadu National Law University,Tamil Nadu,Tiruchirappalli,Tiruchirappalli,Law,Government,Autonomous (National Law University),Unknown,Unknown,Not Applicable,Unknown,https://tnnlu.ac.in,Unknown,National Law University; admits through CLAT.,CLAT Consortium member list; tnnlu.ac.in
TN-MGT-001,Indian Institute of Management Tiruchirappalli,Tamil Nadu,Tiruchirappalli,Tiruchirappalli,Management,Government,Autonomous (IIM),Unknown,Unknown,Not Applicable,Yes,https://www.iimtrichy.ac.in,Unknown,Institute of National Importance under IIM Act 2017.,NIRF 2024 Management Ranking; iimtrichy.ac.in
TN-COM-001,Loyola College Chennai,Tamil Nadu,Chennai,Chennai,Multi-Disciplinary,Private,University of Madras,A++,Unknown,Not Applicable,Yes,https://www.loyolacollege.edu,Unknown,"Autonomous college affiliated to University of Madras. Offers Commerce, Science, Arts programs. Minority institution.",NIRF 2024 College Ranking; loyolacollege.edu; NAAC accreditation
TN-AGR-001,Tamil Nadu Agricultural University,Tamil Nadu,Coimbatore,Coimbatore,Agriculture,Government,Autonomous (State Agricultural University),Unknown,Unknown,Not Applicable,Yes,https://tnau.ac.in,Unknown,State agricultural university. One of the oldest agricultural universities in India. ICAR accredited.,ICAR recognized; tnau.ac.in
TN-DES-001,National Institute of Fashion Technology Chennai,Tamil Nadu,Chennai,Chennai,Design,Government,NIFT (Autonomous under Ministry of Textiles),Unknown,Unknown,Not Applicable,Unknown,https://www.nift.ac.in/chennai,https://www.nift.ac.in/admission,Government institute under Ministry of Textiles. Admits through NIFT entrance exam.,NIFT official website; nift.ac.in
TN-PHR-001,JSS College of Pharmacy Ooty,Tamil Nadu,Nilgiris,Ooty,Pharmacy,Deemed,JSS Academy of Higher Education and Research,A+,Unknown,Yes,Unknown,https://www.jssuni.edu.in,Unknown,Constituent of JSS Academy of Higher Education and Research. PCI approved.,NIRF 2024 Pharmacy Ranking; PCI approved list; jssuni.edu.in
TN-SCI-001,Madras Christian College,Tamil Nadu,Chennai,Chennai,Multi-Disciplinary,Private,University of Madras,A,Unknown,Not Applicable,Yes,https://www.mcc.edu.in,Unknown,"Autonomous college affiliated to University of Madras. Offers Science, Arts, Commerce programs. Minority institution.",NIRF 2024 College Ranking; mcc.edu.in; NAAC accreditation
KL-ENG-001,National Institute of Technology Calicut,Kerala,Kozhikode,Kozhikode,Engineering,Government,Autonomous (NIT),A,Unknown,Yes,Yes,https://www.nitc.ac.in,Unknown,National Institute of Technology; Institute of National Importance under NIT Act 2007.,NIRF 2024 Engineering Ranking; nitc.ac.in
KL-ENG-002,College of Engineering Trivandrum,Kerala,Thiruvananthapuram,Thiruvananthapuram,Engineering,Government,APJ Abdul Kalam Technological University (KTU),Unknown,Unknown,Yes,Yes,https://www.cet.ac.in,Unknown,Oldest engineering college in Kerala (est. 1939). Government college. Admits through KEAM.,NIRF 2024 Engineering Ranking; cet.ac.in; KEAM counselling
KL-ENG-003,Amrita Vishwa Vidyapeetham,Kerala,Kollam,Amritapuri,Multi-Disciplinary,Deemed,Autonomous (Deemed University),A++,Unknown,Yes,Yes,https://www.amrita.edu,Unknown,"Deemed-to-be-University with multiple campuses (Amritapuri, Coimbatore, Bengaluru, etc.). Admits through AEEE. Offers Engineering, Medical, Management, Science, Commerce programs.",NIRF 2024 Engineering/Overall Ranking; amrita.edu; NAAC accreditation
KL-MED-001,Government Medical College Thiruvananthapuram,Kerala,Thiruvananthapuram,Thiruvananthapuram,Medical,Government,Kerala University of Health Sciences (KUHS),Unknown,Unknown,Not Applicable,Yes,Unknown,Unknown,Premier government medical college in Kerala. Attached to SAT Hospital.,NMC recognized medical college list; Kerala NEET state counselling
KL-MED-002,Government Medical College Kottayam,Kerala,Kottayam,Kottayam,Medical,Government,Kerala University of Health Sciences (KUHS),Unknown,Unknown,Not Applicable,Yes,Unknown,Unknown,Government medical college in Kerala.,NMC recognized medical college list; Kerala NEET state counselling
KL-MED-003,Amrita Institute of Medical Sciences,Kerala,Ernakulam,Kochi,Medical,Deemed,Amrita Vishwa Vidyapeetham,A++,Unknown,Not Applicable,Yes,https://www.amrita.edu/school/medicine,Unknown,Constituent of Amrita Vishwa Vidyapeetham (Deemed University). NAAC grade reflects parent university.,NMC recognized; amrita.edu; NIRF 2024 Medical Ranking
KL-LAW-001,National University of Advanced Legal Studies,Kerala,Ernakulam,Kochi,Law,Government,Autonomous (State Law University),Unknown,Unknown,Not Applicable,Unknown,https://www.nuals.ac.in,Unknown,State law university established by Kerala state legislature. Admits through CLAT.,CLAT Consortium member list; nuals.ac.in
KL-SCI-001,Indian Institute of Science Education and Research Thiruvananthapuram,Kerala,Thiruvananthapuram,Thiruvananthapuram,Science,Government,Autonomous (Institute of National Importance),Unknown,Unknown,Not Applicable,Yes,https://www.iisertvm.ac.in,Unknown,IISER; Institute of National Importance. Offers 5-year BS-MS dual degree program. Admits through IAT/JEE/KVPY.,NIRF 2024 Overall Ranking; iisertvm.ac.in
KL-MGT-001,Indian Institute of Management Kozhikode,Kerala,Kozhikode,Kozhikode,Management,Government,Autonomous (IIM),Unknown,Unknown,Not Applicable,Yes,https://www.iimk.ac.in,Unknown,Institute of National Importance under IIM Act 2017.,NIRF 2024 Management Ranking; iimk.ac.in
KL-AGR-001,Kerala Agricultural University,Kerala,Thrissur,Thrissur,Agriculture,Government,Autonomous (State Agricultural University),Unknown,Unknown,Not Applicable,Yes,https://kau.in,Unknown,State agricultural university. ICAR accredited.,ICAR recognized; kau.in
TS-ENG-001,Indian Institute of Technology Hyderabad,Telangana,Sangareddy,Kandi,Engineering,Government,Autonomous (IIT),Unknown,Unknown,Not Applicable,Yes,https://www.iith.ac.in,Unknown,Institute of National Importance. Second-generation IIT (established 2008). Admits through JEE Advanced.,NIRF 2024 Engineering Ranking; iith.ac.in
TS-ENG-002,National Institute of Technology Warangal,Telangana,Warangal,Warangal,Engineering,Government,Autonomous (NIT),A+,Unknown,Yes,Yes,https://www.nitw.ac.in,Unknown,National Institute of Technology; Institute of National Importance. One of the original RECs (est. 1959).,NIRF 2024 Engineering Ranking; nitw.ac.in
TS-ENG-003,International Institute of Information Technology Hyderabad,Telangana,Hyderabad,Hyderabad,Engineering,Deemed,Autonomous (Deemed University),Unknown,Unknown,Yes,Yes,https://www.iiit.ac.in,Unknown,Deemed-to-be-University. Public-private partnership. Strong focus on Computer Science and IT research.,NIRF 2024 Engineering Ranking; iiit.ac.in
TS-ENG-004,BITS Pilani Hyderabad Campus,Telangana,Hyderabad,Hyderabad,Engineering,Deemed,BITS Pilani (Deemed University),A,Unknown,Yes,Yes,https://www.bits-pilani.ac.in/hyderabad,Unknown,Hyderabad campus of BITS Pilani (Deemed-to-be-University). Admits through BITSAT.,NIRF 2024 Engineering Ranking; bits-pilani.ac.in
TS-ENG-005,Osmania University College of Engineering,Telangana,Hyderabad,Hyderabad,Engineering,Government,Osmania University,Unknown,Unknown,Yes,Unknown,Unknown,Unknown,Constituent college of Osmania University. Admits through TS EAMCET.,AICTE approved list; Osmania University; TS EAMCET counselling
TS-MED-001,Osmania Medical College,Telangana,Hyderabad,Hyderabad,Medical,Government,Kaloji Narayana Rao University of Health Sciences,Unknown,Unknown,Not Applicable,Yes,Unknown,Unknown,Premier government medical college in Telangana (est. 1846).,NMC recognized medical college list; TS NEET state counselling
TS-MED-002,Nizam's Institute of Medical Sciences,Telangana,Hyderabad,Hyderabad,Medical,Government,Autonomous (State autonomous institute),Unknown,Unknown,Not Applicable,Yes,https://www.nims.edu.in,Unknown,"Autonomous state institution; primarily postgraduate and super-specialty, but has MBBS program.",NMC recognized; nims.edu.in; NIRF 2024 Medical Ranking
TS-LAW-001,NALSAR University of Law,Telangana,Hyderabad,Hyderabad,Law,Government,Autonomous (National Law University),A,Unknown,Not Applicable,Yes,https://www.nalsar.ac.in,Unknown,National Academy of Legal Studies and Research. National Law University; admits through CLAT.,NIRF 2024 Law Ranking; CLAT Consortium member list; nalsar.ac.in
TS-PHR-001,National Institute of Pharmaceutical Education and Research Hyderabad,Telangana,Hyderabad,Hyderabad,Pharmacy,Government,Autonomous (Institute of National Importance),Unknown,Unknown,Not Applicable,Unknown,https://www.niperhyd.ac.in,Unknown,NIPER; Institute of National Importance under NIPER Act. Primarily postgraduate but offers undergraduate programs.,NIRF 2024 Pharmacy Ranking; niperhyd.ac.in
TS-SCI-001,University of Hyderabad,Telangana,Hyderabad,Hyderabad,University,Government,Autonomous (Central University),A++,Unknown,Not Applicable,Yes,https://uohyd.ac.in,Unknown,"Central university. Offers programs across Sciences, Humanities, Social Sciences, Engineering, Management.",NIRF 2024 Overall/University Ranking; uohyd.ac.in; NAAC accreditation
AP-ENG-001,Indian Institute of Technology Tirupati,Andhra Pradesh,Tirupati,Tirupati,Engineering,Government,Autonomous (IIT),Unknown,Unknown,Not Applicable,Yes,https://www.iittp.ac.in,Unknown,Institute of National Importance. Second-generation IIT (established 2015). Admits through JEE Advanced.,NIRF 2024 Engineering Ranking; iittp.ac.in
AP-ENG-002,National Institute of Technology Andhra Pradesh,Andhra Pradesh,West Godavari,Tadepalligudem,Engineering,Government,Autonomous (NIT),Unknown,Unknown,Yes,Yes,https://www.nitandhra.ac.in,Unknown,National Institute of Technology; Institute of National Importance. Newer NIT (established 2015).,NIRF 2024 Engineering Ranking; nitandhra.ac.in
AP-ENG-003,Andhra University College of Engineering,Andhra Pradesh,Visakhapatnam,Visakhapatnam,Engineering,Government,Andhra University,Unknown,Unknown,Yes,Unknown,https://www.andhrauniversity.edu.in,Unknown,Constituent college of Andhra University (est. 1926). Admits through AP EAPCET.,AICTE approved list; andhrauniversity.edu.in; AP EAPCET counselling
AP-MED-001,Andhra Medical College,Andhra Pradesh,Visakhapatnam,Visakhapatnam,Medical,Government,NTR University of Health Sciences,Unknown,Unknown,Not Applicable,Yes,Unknown,Unknown,Premier government medical college in AP. Attached to King George Hospital.,NMC recognized medical college list; AP NEET state counselling
AP-MED-002,Sri Venkateswara Medical College,Andhra Pradesh,Tirupati,Tirupati,Medical,Government,NTR University of Health Sciences,Unknown,Unknown,Not Applicable,Unknown,Unknown,Unknown,Government medical college attached to SVIMS (Sri Venkateswara Institute of Medical Sciences).,NMC recognized medical college list; AP NEET state counselling
AP-LAW-001,Damodaram Sanjivayya National Law University,Andhra Pradesh,Visakhapatnam,Visakhapatnam,Law,Government,Autonomous (National Law University),Unknown,Unknown,Not Applicable,Unknown,https://www.dsnlu.ac.in,Unknown,National Law University established by AP state legislature. Admits through CLAT.,CLAT Consortium member list; dsnlu.ac.in
AP-AGR-001,Acharya N.G. Ranga Agricultural University,Andhra Pradesh,Guntur,Guntur,Agriculture,Government,Autonomous (State Agricultural University),Unknown,Unknown,Not Applicable,Unknown,https://angrau.ac.in,Unknown,State agricultural university. ICAR accredited.,ICAR recognized; angrau.ac.in
MH-ENG-001,Indian Institute of Technology Bombay,Maharashtra,Mumbai,Mumbai,Engineering,Government,Autonomous (IIT),Unknown,3,Not Applicable,Yes,https://www.iitb.ac.in,Unknown,Institute of National Importance. Consistently ranked in top 3 NIRF Engineering.,NIRF 2024 Engineering Ranking (#3); iitb.ac.in
MH-ENG-002,Veermata Jijabai Technological Institute,Maharashtra,Mumbai,Mumbai,Engineering,Government,Autonomous (State Government Institute),Unknown,Unknown,Yes,Yes,https://vjti.ac.in,Unknown,Government engineering institute. Admits through MHT CET and JEE Main. Autonomous institute.,NIRF 2024 Engineering Ranking; vjti.ac.in; AICTE approved list
MH-ENG-003,College of Engineering Pune,Maharashtra,Pune,Pune,Engineering,Government,Autonomous (State Government Institute),A+,Unknown,Yes,Yes,https://www.coep.org.in,Unknown,COEP Technological University (formerly College of Engineering Pune). One of the oldest engineering colleges in Asia (est. 1854). Government autonomous institute.,NIRF 2024 Engineering Ranking; coep.org.in
MH-ENG-004,Institute of Chemical Technology Mumbai,Maharashtra,Mumbai,Mumbai,Engineering,Government,Autonomous (Deemed University / Institute of Eminence),A++,Unknown,Yes,Unknown,https://www.ictmumbai.edu.in,Unknown,"Deemed University. Institute of Eminence. Strong in Chemical Engineering, Pharmaceutical Sciences, Food Technology.",NIRF 2024 Engineering Ranking; ictmumbai.edu.in; NAAC accreditation
MH-MED-001,Seth G.S. Medical College and KEM Hospital,Maharashtra,Mumbai,Mumbai,Medical,Government,Maharashtra University of Health Sciences (MUHS),Unknown,Unknown,Not Applicable,Yes,Unknown,Unknown,Premier government medical college in Mumbai. Attached to KEM Hospital. Admits through NEET.,NMC recognized medical college list; MH NEET state counselling
MH-MED-002,Grant Medical College Mumbai,Maharashtra,Mumbai,Mumbai,Medical,Government,Maharashtra University of Health Sciences (MUHS),Unknown,Unknown,Not Applicable,Yes,Unknown,Unknown,Government medical college (est. 1845). Attached to Sir J.J. Group of Hospitals.,NMC recognized medical college list; MH NEET state counselling
MH-MED-003,B. J. Government Medical College Pune,Maharashtra,Pune,Pune,Medical,Government,Maharashtra University of Health Sciences (MUHS),Unknown,Unknown,Not Applicable,Yes,Unknown,Unknown,Premier government medical college in Pune. Attached to Sassoon General Hospital.,NMC recognized medical college list; MH NEET state counselling
MH-MED-004,Armed Forces Medical College Pune,Maharashtra,Pune,Pune,Medical,Government,Maharashtra University of Health Sciences (MUHS),Unknown,Unknown,Not Applicable,Yes,https://afmc.nic.in,Unknown,Defense establishment under Ministry of Defence. Admits through NEET-UG + AFMC screening. Graduates serve in Armed Forces Medical Services.,NMC recognized; afmc.nic.in; NIRF 2024 Medical Ranking
MH-COM-001,Sydenham College of Commerce and Economics,Maharashtra,Mumbai,Mumbai,Commerce,Government,University of Mumbai,A,Unknown,Not Applicable,Unknown,Unknown,Unknown,Oldest commerce college in Asia (est. 1913). Government-run. Affiliated to University of Mumbai.,University of Mumbai; NAAC accreditation
MH-MGT-001,S.P. Jain Institute of Management and Research,Maharashtra,Mumbai,Mumbai,Management,Private,Autonomous,Unknown,Unknown,Yes,Yes,https://www.spjimr.org,Unknown,Autonomous private management institute. Primarily postgraduate MBA programs.,NIRF 2024 Management Ranking; AICTE approved; spjimr.org
MH-MGT-002,NMIMS University Mumbai,Maharashtra,Mumbai,Mumbai,Multi-Disciplinary,Deemed,Autonomous (Deemed University),A+,Unknown,Yes,Yes,https://www.nmims.edu,Unknown,"Narsee Monjee Institute of Management Studies (Deemed University). Offers Management, Engineering, Commerce, Law, Pharmacy, Science programs. Admits through NMIMS-NPAT.",NIRF 2024 Management/University Ranking; nmims.edu; NAAC accreditation
MH-LAW-001,Maharashtra National Law University Mumbai,Maharashtra,Mumbai,Mumbai,Law,Government,Autonomous (National Law University),Unknown,Unknown,Not Applicable,Unknown,https://mnlumumbai.edu.in,Unknown,National Law University. Admits through CLAT.,CLAT Consortium member list; mnlumumbai.edu.in
MH-LAW-002,ILS Law College Pune,Maharashtra,Pune,Pune,Law,Private,Savitribai Phule Pune University,Unknown,Unknown,Not Applicable,Unknown,https://www.ilslaw.in,Unknown,Indian Law Society's Law College. One of the most respected law colleges in India. Autonomous college.,NIRF 2024 Law Ranking; ilslaw.in
MH-DES-001,National Institute of Fashion Technology Mumbai,Maharashtra,Mumbai,Mumbai,Design,Government,NIFT (Autonomous under Ministry of Textiles),Unknown,Unknown,Not Applicable,Unknown,https://www.nift.ac.in/mumbai,https://www.nift.ac.in/admission,Government institute under Ministry of Textiles. Admits through NIFT entrance exam.,NIFT official website; nift.ac.in
MH-SCI-001,Indian Institute of Science Education and Research Pune,Maharashtra,Pune,Pune,Science,Government,Autonomous (Institute of National Importance),Unknown,Unknown,Not Applicable,Yes,https://www.iiserpune.ac.in,Unknown,IISER; Institute of National Importance. Offers 5-year BS-MS dual degree program. Admits through IAT/JEE/KVPY.,NIRF 2024 Overall Ranking; iiserpune.ac.in
MH-PHR-001,Bombay College of Pharmacy,Maharashtra,Mumbai,Mumbai,Pharmacy,Government-Aided,University of Mumbai,Unknown,Unknown,Yes,Unknown,https://www.bfrcp.org,Unknown,Government-aided pharmacy college. Autonomous. PCI approved. Admits through MHT CET.,NIRF 2024 Pharmacy Ranking; PCI approved list
DL-ENG-001,Indian Institute of Technology Delhi,Delhi,South West Delhi,New Delhi,Engineering,Government,Autonomous (IIT),Unknown,2,Not Applicable,Yes,https://home.iitd.ac.in,Unknown,Institute of National Importance. Consistently ranked #2 in NIRF Engineering.,NIRF 2024 Engineering Ranking (#2); iitd.ac.in
DL-ENG-002,Delhi Technological University,Delhi,North West Delhi,New Delhi,Engineering,Government,Autonomous (State University),A+,Unknown,Yes,Yes,https://www.dtu.ac.in,Unknown,State university (formerly Delhi College of Engineering). Admits through JEE Main.,NIRF 2024 Engineering Ranking; dtu.ac.in; NAAC accreditation
DL-ENG-003,Netaji Subhas University of Technology,Delhi,South West Delhi,New Delhi,Engineering,Government,Autonomous (State University),Unknown,Unknown,Yes,Yes,https://www.nsut.ac.in,Unknown,State university (formerly Netaji Subhas Institute of Technology). Admits through JEE Main.,NIRF 2024 Engineering Ranking; nsut.ac.in
DL-ENG-004,Indraprastha Institute of Information Technology Delhi,Delhi,South Delhi,New Delhi,Engineering,Government,Autonomous (State University),Unknown,Unknown,Yes,Yes,https://iiitd.ac.in,Unknown,State university established by Delhi Government. Strong CS/IT focus. Admits through JEE Main + own entrance.,NIRF 2024 Engineering Ranking; iiitd.ac.in
DL-MED-001,All India Institute of Medical Sciences New Delhi,Delhi,South Delhi,New Delhi,Medical,Government,Autonomous (Institute of National Importance),Unknown,Unknown,Not Applicable,Yes,https://www.aiims.edu,Unknown,"Institute of National Importance. Premier medical institution in India. Admits through NEET-UG (since 2023, previously own entrance). Consistently ranked #1 in NIRF Medical.",NIRF 2024 Medical Ranking; aiims.edu
DL-MED-002,Maulana Azad Medical College,Delhi,Central Delhi,New Delhi,Medical,Government,University of Delhi,Unknown,Unknown,Not Applicable,Yes,https://www.mamc.ac.in,Unknown,Government medical college affiliated to University of Delhi. Attached to Lok Nayak Hospital and G.B. Pant Hospital.,NMC recognized; NIRF 2024 Medical Ranking; mamc.ac.in
DL-MED-003,Lady Hardinge Medical College,Delhi,Central Delhi,New Delhi,Medical,Government,University of Delhi,Unknown,Unknown,Not Applicable,Yes,Unknown,Unknown,Government medical college. Women-only institution for MBBS. Attached to Smt. Sucheta Kriplani Hospital.,NMC recognized medical college list; DU medical admission
DL-COM-001,Shri Ram College of Commerce,Delhi,North Delhi,New Delhi,Commerce,Government,University of Delhi,A++,Unknown,Not Applicable,Yes,https://www.srcc.edu,Unknown,Premier commerce college in India. Affiliated to University of Delhi. Admits through CUET.,NIRF 2024 College Ranking; srcc.edu; NAAC accreditation
DL-COM-002,Hindu College,Delhi,North Delhi,New Delhi,Multi-Disciplinary,Government,University of Delhi,A+,Unknown,Not Applicable,Yes,https://www.hinducollege.ac.in,Unknown,"One of the oldest and most prestigious DU colleges. Offers Commerce, Science, Arts programs. Admits through CUET.",NIRF 2024 College Ranking; hinducollege.ac.in; NAAC accreditation
DL-COM-003,Lady Shri Ram College for Women,Delhi,South Delhi,New Delhi,Multi-Disciplinary,Private,University of Delhi,A++,Unknown,Not Applicable,Yes,https://www.lsr.edu.in,Unknown,"Women-only institution. Affiliated to University of Delhi. Offers Commerce, Economics, Humanities programs. Admits through CUET.",NIRF 2024 College Ranking; lsr.edu.in; NAAC accreditation
DL-MGT-001,Faculty of Management Studies University of Delhi,Delhi,North Delhi,New Delhi,Management,Government,University of Delhi,Unknown,Unknown,Yes,Unknown,https://www.fms.edu,Unknown,"Faculty of Management Studies, DU. Primarily postgraduate MBA/PhD programs.",NIRF 2024 Management Ranking; fms.edu
DL-LAW-001,National Law University Delhi,Delhi,South West Delhi,New Delhi,Law,Government,Autonomous (National Law University),A,Unknown,Not Applicable,Yes,https://www.nludelhi.ac.in,Unknown,National Law University. Admits through AILET (not CLAT — NLU Delhi has its own entrance exam).,NIRF 2024 Law Ranking; nludelhi.ac.in
DL-LAW-002,Faculty of Law University of Delhi,Delhi,North Delhi,New Delhi,Law,Government,University of Delhi,Unknown,Unknown,Not Applicable,Unknown,https://lawfaculty.du.ac.in,Unknown,Constituent law faculty of University of Delhi. Offers 3-year LLB and 5-year integrated BA LLB. Admits through CUET/DU entrance.,NIRF 2024 Law Ranking; lawfaculty.du.ac.in
DL-DES-001,National Institute of Fashion Technology New Delhi,Delhi,South Delhi,New Delhi,Design,Government,NIFT (Autonomous under Ministry of Textiles),Unknown,Unknown,Not Applicable,Yes,https://www.nift.ac.in/delhi,https://www.nift.ac.in/admission,Head campus of NIFT. Government institute under Ministry of Textiles. Admits through NIFT entrance exam.,NIFT official website; nift.ac.in
DL-SCI-001,St. Stephen's College,Delhi,North Delhi,New Delhi,Multi-Disciplinary,Private,University of Delhi,A,Unknown,Not Applicable,Yes,https://www.ststephens.edu,Unknown,"One of the oldest colleges in Delhi (est. 1881). Minority institution. Affiliated to University of Delhi. Offers Science, Arts, Economics programs. Own admission process supplementing CUET.",NIRF 2024 College Ranking; ststephens.edu; NAAC accreditation
GJ-ENG-001,Indian Institute of Technology Gandhinagar,Gujarat,Gandhinagar,Gandhinagar,Engineering,Government,Autonomous (IIT),Unknown,Unknown,Not Applicable,Yes,https://www.iitgn.ac.in,Unknown,Institute of National Importance. Second-generation IIT (established 2008). Admits through JEE Advanced.,NIRF 2024 Engineering Ranking; iitgn.ac.in
GJ-ENG-002,Sardar Vallabhbhai National Institute of Technology Surat,Gujarat,Surat,Surat,Engineering,Government,Autonomous (NIT),Unknown,Unknown,Yes,Yes,https://www.svnit.ac.in,Unknown,National Institute of Technology; Institute of National Importance.,NIRF 2024 Engineering Ranking; svnit.ac.in
GJ-ENG-003,Dhirubhai Ambani Institute of Information and Communication Technology,Gujarat,Gandhinagar,Gandhinagar,Engineering,Private,Autonomous,Unknown,Unknown,Yes,Yes,https://www.daiict.ac.in,Unknown,Private university. Strong focus on ICT and Computer Science.,NIRF 2024 Engineering Ranking; daiict.ac.in; AICTE approved
GJ-MED-001,B. J. Medical College Ahmedabad,Gujarat,Ahmedabad,Ahmedabad,Medical,Government,Gujarat University,Unknown,Unknown,Not Applicable,Yes,Unknown,Unknown,Premier government medical college in Gujarat. Attached to Civil Hospital Ahmedabad.,NMC recognized medical college list; Gujarat NEET state counselling
GJ-MGT-001,Indian Institute of Management Ahmedabad,Gujarat,Ahmedabad,Ahmedabad,Management,Government,Autonomous (IIM),Unknown,Unknown,Not Applicable,Yes,https://www.iima.ac.in,Unknown,Institute of National Importance under IIM Act 2017. Premier management institute in India. Consistently ranked #1 in NIRF Management.,NIRF 2024 Management Ranking; iima.ac.in
GJ-LAW-001,Gujarat National Law University,Gujarat,Gandhinagar,Gandhinagar,Law,Government,Autonomous (National Law University),Unknown,Unknown,Not Applicable,Yes,https://www.gnlu.ac.in,Unknown,National Law University established by Gujarat state legislature. Admits through CLAT.,CLAT Consortium member list; gnlu.ac.in; NIRF 2024 Law Ranking
GJ-DES-001,National Institute of Design Ahmedabad,Gujarat,Ahmedabad,Ahmedabad,Design,Government,Autonomous (Institute of National Importance),Unknown,Unknown,Not Applicable,Yes,https://www.nid.edu,Unknown,Institute of National Importance under NID Act 2014. Premier design institute in India. Admits through NID DAT.,NID official website; nid.edu
GJ-PHR-001,L. M. College of Pharmacy Ahmedabad,Gujarat,Ahmedabad,Ahmedabad,Pharmacy,Government,Gujarat Technological University,Unknown,Unknown,Yes,Unknown,Unknown,Unknown,Government pharmacy college. PCI approved. One of the oldest pharmacy colleges in India.,NIRF 2024 Pharmacy Ranking; PCI approved list; Gujarat ACPC counselling
GJ-AGR-001,Anand Agricultural University,Gujarat,Anand,Anand,Agriculture,Government,Autonomous (State Agricultural University),Unknown,Unknown,Not Applicable,Unknown,https://www.aau.in,Unknown,State agricultural university. Known for dairy science (birthplace of Amul cooperative). ICAR accredited.,ICAR recognized; aau.in
UP-ENG-001,Indian Institute of Technology Kanpur,Uttar Pradesh,Kanpur Nagar,Kanpur,Engineering,Government,Autonomous (IIT),Unknown,4,Not Applicable,Yes,https://www.iitk.ac.in,Unknown,Institute of National Importance. One of the original five IITs (est. 1959). Consistently ranked in top 5 NIRF Engineering.,NIRF 2024 Engineering Ranking (#4); iitk.ac.in
UP-ENG-002,Indian Institute of Technology (BHU) Varanasi,Uttar Pradesh,Varanasi,Varanasi,Engineering,Government,"Autonomous (IIT, constituent of BHU)",Unknown,Unknown,Not Applicable,Yes,https://www.iitbhu.ac.in,Unknown,IIT within the Banaras Hindu University campus. Institute of National Importance. Admits through JEE Advanced.,NIRF 2024 Engineering Ranking; iitbhu.ac.in
UP-ENG-003,Motilal Nehru National Institute of Technology Allahabad,Uttar Pradesh,Prayagraj,Prayagraj,Engineering,Government,Autonomous (NIT),A,Unknown,Yes,Yes,https://www.mnnit.ac.in,Unknown,National Institute of Technology; Institute of National Importance. One of the original RECs.,NIRF 2024 Engineering Ranking; mnnit.ac.in
UP-MED-001,King George's Medical University,Uttar Pradesh,Lucknow,Lucknow,Medical,Government,Autonomous (State Medical University),Unknown,Unknown,Not Applicable,Yes,https://www.kgmu.org,Unknown,State medical university (est. 1911). One of the oldest medical institutions in India.,NMC recognized; NIRF 2024 Medical Ranking; kgmu.org
UP-MED-002,Institute of Medical Sciences Banaras Hindu University,Uttar Pradesh,Varanasi,Varanasi,Medical,Government,Banaras Hindu University,Unknown,Unknown,Not Applicable,Yes,https://www.bhu.ac.in/ims,Unknown,Constituent of BHU (Central University). Admits through NEET-UG.,NMC recognized; NIRF 2024 Medical Ranking; bhu.ac.in
UP-LAW-001,Dr. Ram Manohar Lohia National Law University,Uttar Pradesh,Lucknow,Lucknow,Law,Government,Autonomous (National Law University),Unknown,Unknown,Not Applicable,Unknown,https://www.rmlnlu.ac.in,Unknown,National Law University established by UP state legislature. Admits through CLAT.,CLAT Consortium member list; rmlnlu.ac.in
UP-MGT-001,Indian Institute of Management Lucknow,Uttar Pradesh,Lucknow,Lucknow,Management,Government,Autonomous (IIM),Unknown,Unknown,Not Applicable,Yes,https://www.iiml.ac.in,Unknown,Institute of National Importance under IIM Act 2017.,NIRF 2024 Management Ranking; iiml.ac.in
UP-AGR-001,G.B. Pant University of Agriculture and Technology,Uttar Pradesh,Udham Singh Nagar,Pantnagar,Agriculture,Government,Autonomous (State Agricultural University),Unknown,Unknown,Not Applicable,Yes,https://www.gbpuat.ac.in,Unknown,First agricultural university in India (est. 1960). ICAR accredited. Model for land-grant universities in India.,ICAR recognized; gbpuat.ac.in; NIRF 2024 University Ranking
UP-SCI-001,Banaras Hindu University Faculty of Science,Uttar Pradesh,Varanasi,Varanasi,University,Government,Banaras Hindu University (Central University),A++,Unknown,Not Applicable,Yes,https://www.bhu.ac.in,Unknown,"Central University. NAAC A++ grade for BHU overall. Faculty of Science offers B.Sc programs across Physics, Chemistry, Mathematics, Biology, etc. Admits through CUET.",NIRF 2024 University Ranking; bhu.ac.in; NAAC accreditation
