Eligibility_ID,Course_Name,Career_Domain,Minimum_12th_Percentage,Required_Stream,Required_Subjects,Accepted_Entrance_Exams,Degree_Level,Notes,Source
ELIG-BTECH-ENG,B.Tech (Engineering branches),Engineering,45-50% in PCM (varies by institution; relaxation for SC/ST/OBC),Science (PCM),"Physics, Chemistry, Mathematics",JEE Main; JEE Advanced (IITs); KCET (Karnataka); COMEDK (Karnataka Private); EAMCET (Telangana/AP); MHT CET (Maharashtra); state-level CETs,Undergraduate,AICTE-approved institutions require JEE Main or state CET scores. IITs require JEE Advanced. Some deemed universities conduct own entrance tests.,AICTE admission norms; JoSAA counselling guidelines; NTA JEE official bulletin
ELIG-BTECH-CS,B.Tech Computer Science / IT / AI / ML,Technology & Computing,45-50% in PCM (varies by institution; relaxation for SC/ST/OBC),Science (PCM),"Physics, Chemistry, Mathematics",JEE Main; JEE Advanced (IITs); KCET; COMEDK; EAMCET; MHT CET; BITSAT (BITS); VITEEE (VIT); SRMJEE (SRM); state-level CETs,Undergraduate,"Same engineering eligibility as ELIG-BTECH-ENG. CS/IT branches often have higher cutoffs due to demand. Some deemed universities (BITS, VIT, SRM) use their own entrance exams.",AICTE admission norms; JoSAA counselling guidelines; NTA JEE official bulletin
ELIG-BARCH,B.Arch,Engineering,50% aggregate with Mathematics,Science (PCM) or 10+2 with Mathematics,Mathematics compulsory; Physics preferred,NATA (National Aptitude Test in Architecture); JEE Main Paper 2,Undergraduate,5-year program. Council of Architecture (CoA) regulates. Both NATA and JEE Main Paper 2 accepted by most institutions.,Council of Architecture (CoA) minimum standards of architectural education regulations
ELIG-BCA,BCA,Technology & Computing,45-50% aggregate (varies by institution),"Any stream (Mathematics background preferred, not mandatory at most colleges)",None mandated nationally; some colleges prefer Mathematics in 12th,CUET; university-specific entrance tests; many colleges admit on 12th marks merit,Undergraduate,3-year program. Widely available across universities. Some top institutions use CUET scores.,UGC general admission norms; CUET official bulletin
ELIG-MBBS,MBBS,Medical & Health Sciences,50% aggregate in PCB (General/OBC); 40% (SC/ST); 45% (PwD-General),Science (PCB),"Physics, Chemistry, Biology/Biotechnology and English compulsory",NEET-UG (mandatory nationwide),Undergraduate Professional,5.5-year program (4.5 academic + 1 year internship). Regulated by National Medical Commission (NMC). Category-wise PCB percentage and NEET qualifying percentile revised most years.,National Medical Commission (NMC); NTA NEET-UG eligibility norms; official NEET-UG Information Bulletin
ELIG-BDS,BDS,Medical & Health Sciences,50% aggregate in PCB (General); 40% (SC/ST),Science (PCB),"Physics, Chemistry, Biology and English compulsory",NEET-UG (mandatory nationwide),Undergraduate Professional,4-year program + 1 year internship. Regulated by Dental Council of India (DCI). Admission through NEET-UG counselling.,Dental Council of India (DCI); NTA NEET-UG eligibility norms
ELIG-BPHARM,B.Pharm,Medical & Health Sciences,45-50% aggregate (varies by state; relaxation for SC/ST/OBC common),Science (PCM or PCB),Physics and Chemistry compulsory; Mathematics or Biology as third subject,State-level CETs such as KCET (Karnataka); EAMCET; MHT CET; some institutes admit via institute-specific tests,Undergraduate Professional,4-year program. Requires AICTE approval and Pharmacy Council of India (PCI) recognition.,Pharmacy Council of India (PCI); AICTE general admission framework
ELIG-BSCNURSING,B.Sc Nursing,Medical & Health Sciences,45% aggregate in PCB (General); relaxation for SC/ST,Science (PCB),"Physics, Chemistry, Biology and English",NEET-UG (for AIIMS/government colleges); state nursing entrance tests; some private colleges on merit,Undergraduate Professional,4-year program. Regulated by Indian Nursing Council (INC). NEET-UG made mandatory for government nursing colleges in most states.,Indian Nursing Council (INC) regulations; state nursing admission guidelines
ELIG-BAMS,BAMS / BHMS / BUMS,Medical & Health Sciences,50% aggregate in PCB (General); 40% (SC/ST),Science (PCB),"Physics, Chemistry, Biology and English compulsory",NEET-UG (mandatory nationwide for AYUSH courses),Undergraduate Professional,5.5-year program (4.5 academic + 1 year internship). BAMS regulated by NCISM. NEET-UG mandatory for all AYUSH programs.,National Commission for Indian System of Medicine (NCISM); NTA NEET-UG Information Bulletin
ELIG-BSCALLIED,"B.Sc Allied Health Sciences (Radiology, MLT, Optometry, etc.)",Medical & Health Sciences,45-50% in PCB (varies by institution),Science (PCB),"Physics, Chemistry, Biology",State-level health science entrance; university entrance tests; some on merit,Undergraduate,"3-4 year programs. Multiple specializations available (MLT, Radiology, Optometry, OT Technology, etc.).",State health university admission norms; AICTE/UGC guidelines for allied health
ELIG-BCOM,B.Com,Commerce & Finance,45-50% aggregate (varies by institution),"Any stream (Commerce background preferred, not mandatory at most colleges)",None mandated nationally,Largely merit-based on 12th marks; CUET for many central/state universities,Undergraduate,"3-year program. Some autonomous/deemed universities run their own entrance test instead of pure merit admission. Specializations include Honours, Accounting & Finance, etc.",UGC general admission norms; CUET official bulletin
ELIG-BBA,BBA / BMS,Business & Management,45-50% aggregate (varies by institution),Any stream,None mandated nationally,Largely merit-based; CUET for many universities; IPMAT for IIM Indore/Rohtak integrated programs; SET (Symbiosis); NPAT (NMIMS); Christ University entrance,Undergraduate,3-year program. Top-tier management schools use dedicated entrance tests; most other colleges admit on 12th-marks merit.,UGC general admission norms; CUET official bulletin
ELIG-LLB5,BA LLB / BBA LLB / B.Sc LLB (5-year integrated),Law & Legal Studies,45% aggregate (General); 40% (SC/ST) — Bar Council of India norm,Any stream,None mandated nationally,CLAT (NLUs); AILET (NLU Delhi); LSAT India; state-level law entrance tests; university-specific tests,Integrated,5-year integrated program combining undergraduate degree with LLB. NLUs primarily admit through CLAT. A separate 3-year LLB exists for candidates who already hold a bachelor's degree.,Bar Council of India (BCI) legal education rules; CLAT Consortium official bulletin
ELIG-BDES,B.Des,Design Media & Creative,50% aggregate (typical; varies by institute),Any stream,None mandated nationally,UCEED (IITs); NID DAT (NID); NIFT entrance exam; CEED; institute-specific design aptitude tests,Undergraduate,4-year program. Eligibility and entrance exams differ significantly between NID/IITs (UCEED) and NIFT (own exam) and private design schools (own aptitude test).,UCEED official bulletin; NID DAT guidelines; NIFT admission norms
ELIG-BSCAGR,B.Sc Agriculture,Agriculture Environment & Food,50% aggregate (varies by state agricultural university),"Science (PCM or PCB, varies by state)",Physics and Chemistry generally compulsory; Mathematics or Biology as third subject depending on state norms,ICAR AIEEA-UG; state agricultural university CETs; KCET (Karnataka Agriculture); EAMCET (Telangana/AP),Undergraduate,4-year program. Eligibility subject combination (PCM vs PCB) and minimum percentage vary by state agricultural university.,Indian Council of Agricultural Research (ICAR) general admission framework; state agricultural university norms
ELIG-BSCPCM,B.Sc Physics / Mathematics / Statistics / Chemistry,Physical & Mathematical Sciences,45-55% in relevant subjects (varies by institution),Science (PCM preferred),"Physics, Chemistry, Mathematics",CUET; university-specific entrance tests; many colleges admit on 12th marks merit,Undergraduate,"3-year program. Honours and major programs available. Top institutions (IISc, IISERs, CMI, ISI) have separate entrance exams (IAT, KVPY, ISI entrance).",UGC general admission norms; CUET official bulletin; IISc/IISER admission guidelines
ELIG-BSCPCB,B.Sc Life Sciences / Biotechnology / Microbiology / Genetics,Life Sciences & Biotechnology,45-55% in relevant subjects (varies by institution),Science (PCB preferred),"Physics, Chemistry, Biology",CUET; university-specific entrance tests; many colleges admit on 12th marks merit,Undergraduate,3-year program. Some universities offer 4-year B.Sc (Honours/Research). Biotechnology may also accept PCM stream students.,UGC general admission norms; CUET official bulletin
ELIG-BSCENV,B.Sc Environmental Science / Forestry / Food Technology,Agriculture Environment & Food,45-50% in science subjects,Science (PCM or PCB),"Physics, Chemistry; Biology or Mathematics",CUET; university-specific entrance tests; ICAR AIEEA-UG for some forestry programs,Undergraduate,3-4 year programs. Forestry programs often under state forest/agricultural universities. Food Technology may be offered as B.Tech at some institutions.,UGC general admission norms; ICAR framework for forestry and food technology
ELIG-BJMC,BA/B.Sc Journalism and Mass Communication,Design Media & Creative,45-50% aggregate (varies by institution),Any stream,None mandated nationally; English proficiency preferred,CUET; IIMC entrance; university-specific entrance tests; some on merit,Undergraduate,3-year program. Some institutions offer as BA while others as B.Sc. Top media schools have dedicated entrance exams.,UGC general admission norms; CUET official bulletin
ELIG-BHMCT,Bachelor of Hotel Management / Tourism Management,Business & Management,45-50% aggregate,Any stream,None mandated nationally; English proficiency preferred,NCHM JEE (for IHMs); state-level hospitality entrance tests; university-specific tests,Undergraduate,3-4 year program. IHMs (Institute of Hotel Management) admit through NCHM JEE conducted by NTA.,National Council for Hotel Management (NCHM) admission norms; NTA NCHM JEE bulletin
ELIG-CAFOUND,CA (Foundation Route) / CMA / CS,Commerce & Finance,Passed 12th (no minimum percentage for CA Foundation registration),Any stream (Commerce preferred),None mandated; Commerce background is advantageous,"CA Foundation Exam (ICAI); CMA Foundation (ICMAI); CSEET (ICSI) — these are professional certification exams, not college entrance exams",Undergraduate Professional,"Professional certification programs, not traditional degree programs. Students can register after 12th. Alongside college degree (B.Com) recommended.",ICAI (CA); ICMAI (CMA); ICSI (CS) official registration guidelines
ELIG-PHARMD,Pharm.D,Medical & Health Sciences,50% in PCM or PCB (varies by institution),Science (PCM or PCB),Physics and Chemistry compulsory; Mathematics or Biology,State-level CETs; some institutions admit through NEET-UG; institute-specific tests,Undergraduate Professional,6-year program (5 years academic + 1 year internship/residency). PCI-regulated. More clinically oriented than B.Pharm.,Pharmacy Council of India (PCI) Pharm.D regulations
ELIG-INTEGRATED-MS,"Integrated M.Sc / BS-MS (IISc, IISERs)",Physical & Mathematical Sciences,60% aggregate (varies; IISc/IISERs set high cutoffs),Science (PCM or PCB),"Physics, Chemistry, Mathematics or Biology","IAT (IISc); IISER Aptitude Test; KVPY (discontinued, replaced by INSPIRE); JEE Advanced; NEET (for biological sciences)",Integrated,5-year integrated BS-MS or MS programs. Highly selective. IISc admits through KVPY/JEE/NEET. IISERs through IAT/JEE/KVPY.,IISc admission bulletin; IISER Common Admission guidelines
