College_ID,Course_Name,Annual_Fee,Academic_Year,Source
KA-ENG-009,B.Tech Computer Science Engineering,Unknown,2024-25,Fee information not verified from official sources. Check institution website or admission brochure.
KA-ENG-009,B.Tech Electronics and Communication Engineering,Unknown,2024-25,Fee information not verified from official sources. Check institution website or admission brochure.
KA-ENG-009,B.Tech Mechanical Engineering,Unknown,2024-25,Fee information not verified from official sources. Check institution website or admission brochure.
KA-ENG-009,B.Tech Civil Engineering,Unknown,2024-25,Fee information not verified from official sources. Check institution website or admission brochure.
KA-ENG-009,B.Tech Electrical Engineering,Unknown,2024-25,Fee information not verified from official sources. Check institution website or admission brochure.
KA-ENG-009,B.Tech Chemical Engineering,Unknown,2024-25,Fee information not verified from official sources. Check institution website or admission brochure.
KA-ENG-009,B.Tech Aerospace Engineering,Unknown,2024-25,Fee information not verified from official sources. Check institution website or admission brochure.
KA-ENG-009,B.Tech Artificial Intelligence and Machine Learning,Unknown,2024-25,Fee information not verified from official sources. Check institution website or admission brochure.
TN-ENG-001,B.Tech Computer Science Engineering,Unknown,2024-25,Fee information not verified from official sources. Check institution website or admission brochure.
TN-ENG-001,B.Tech Electronics and Communication Engineering,Unknown,2024-25,Fee information not verified from official sources. Check institution website or admission brochure.
TN-ENG-001,B.Tech Mechanical Engineering,Unknown,2024-25,Fee information not verified from official sources. Check institution website or admission brochure.
TN-ENG-001,B.Tech Civil Engineering,Unknown,2024-25,Fee information not verified from official sources. Check institution website or admission brochure.
TN-ENG-001,B.Tech Electrical Engineering,Unknown,2024-25,Fee information not verified from official sources. Check institution website or admission brochure.
TN-ENG-001,B.Tech Chemical Engineering,Unknown,2024-25,Fee information not verified from official sources. Check institution website or admission brochure.
TN-ENG-001,B.Tech Aerospace Engineering,Unknown,2024-25,Fee information not verified from official sources. Check institution website or admission brochure.
TN-ENG-001,B.Tech Artificial Intelligence and Machine Learning,Unknown,2024-25,Fee information not verified from official sources. Check institution website or admission brochure.
TS-ENG-001,B.Tech Computer Science Engineering,Unknown,2024-25,Fee information not verified from official sources. Check institution website or admission brochure.
TS-ENG-001,B.Tech Electronics and Communication Engineering,Unknown,2024-25,Fee information not verified from official sources. Check institution website or admission brochure.
TS-ENG-001,B.Tech Mechanical Engineering,Unknown,2024-25,Fee information not verified from official sources. Check institution website or admission brochure.
TS-ENG-001,B.Tech Civil Engineering,Unknown,2024-25,Fee information not verified from official sources. Check institution website or admission brochure.
TS-ENG-001,B.Tech Electrical Engineering,Unknown,2024-25,Fee information not verified from official sources. Check institution website or admission brochure.
TS-ENG-001,B.Tech Chemical Engineering,Unknown,2024-25,Fee information not verified from official sources. Check institution website or admission brochure.
TS-ENG-001,B.Tech Aerospace Engineering,Unknown,2024-25,Fee information not verified from official sources. Check institution website or admission brochure.
TS-ENG-001,B.Tech Artificial Intelligence and Machine Learning,Unknown,2024-25,Fee information not verified from official sources. Check institution website or admission brochure.
AP-ENG-001,B.Tech Computer Science Engineering,Unknown,2024-25,Fee information not verified from official sources. Check institution website or admission brochure.
AP-ENG-001,B.Tech Electronics and Communication Engineering,Unknown,2024-25,Fee information not verified from official sources. Check institution website or admission brochure.
AP-ENG-001,B.Tech Mechanical Engineering,Unknown,2024-25,Fee information not verified from official sources. Check institution website or admission brochure.
AP-ENG-001,B.Tech Civil Engineering,Unknown,2024-25,Fee information not verified from official sources. Check institution website or admission brochure.
AP-ENG-001,B.Tech Electrical Engineering,Unknown,2024-25,Fee information not verified from official sources. Check institution website or admission brochure.
AP-ENG-001,B.Tech Chemical Engineering,Unknown,2024-25,Fee information not verified from official sources. Check institution website or admission brochure.
AP-ENG-001,B.Tech Aerospace Engineering,Unknown,2024-25,Fee information not verified from official sources. Check institution website or admission brochure.
AP-ENG-001,B.Tech Artificial Intelligence and Machine Learning,Unknown,2024-25,Fee information not verified from official sources. Check institution website or admission brochure.
MH-ENG-001,B.Tech Computer Science Engineering,Unknown,2024-25,Fee information not verified from official sources. Check institution website or admission brochure.
MH-ENG-001,B.Tech Electronics and Communication Engineering,Unknown,2024-25,Fee information not verified from official sources. Check institution website or admission brochure.
MH-ENG-001,B.Tech Mechanical Engineering,Unknown,2024-25,Fee information not verified from official sources. Check institution website or admission brochure.
MH-ENG-001,B.Tech Civil Engineering,Unknown,2024-25,Fee information not verified from official sources. Check institution website or admission brochure.
MH-ENG-001,B.Tech Electrical Engineering,Unknown,2024-25,Fee information not verified from official sources. Check institution website or admission brochure.
MH-ENG-001,B.Tech Chemical Engineering,Unknown,2024-25,Fee information not verified from official sources. Check institution website or admission brochure.
MH-ENG-001,B.Tech Aerospace Engineering,Unknown,2024-25,Fee information not verified from official sources. Check institution website or admission brochure.
MH-ENG-001,B.Tech Artificial Intelligence and Machine Learning,Unknown,2024-25,Fee information not verified from official sources. Check institution website or admission brochure.
DL-ENG-001,B.Tech Computer Science Engineering,Unknown,2024-25,Fee information not verified from official sources. Check institution website or admission brochure.
DL-ENG-001,B.Tech Electronics and Communication Engineering,Unknown,2024-25,Fee information not verified from official sources. Check institution website or admission brochure.
DL-ENG-001,B.Tech Mechanical Engineering,Unknown,2024-25,Fee information not verified from official sources. Check institution website or admission brochure.
DL-ENG-001,B.Tech Civil Engineering,Unknown,2024-25,Fee information not verified from official sources. Check institution website or admission brochure.
DL-ENG-001,B.Tech Electrical Engineering,Unknown,2024-25,Fee information not verified from official sources. Check institution website or admission brochure.
DL-ENG-001,B.Tech Chemical Engineering,Unknown,2024-25,Fee information not verified from official sources. Check institution website or admission brochure.
DL-ENG-001,B.Tech Aerospace Engineering,Unknown,2024-25,Fee information not verified from official sources. Check institution website or admission brochure.
DL-ENG-001,B.Tech Artificial Intelligence and Machine Learning,Unknown,2024-25,Fee information not verified from official sources. Check institution website or admission brochure.
GJ-ENG-001,B.Tech Computer Science Engineering,Unknown,2024-25,Fee information not verified from official sources. Check institution website or admission brochure.
GJ-ENG-001,B.Tech Electronics and Communication Engineering,Unknown,2024-25,Fee information not verified from official sources. Check institution website or admission brochure.
GJ-ENG-001,B.Tech Mechanical Engineering,Unknown,2024-25,Fee information not verified from official sources. Check institution website or admission brochure.
GJ-ENG-001,B.Tech Civil Engineering,Unknown,2024-25,Fee information not verified from official sources. Check institution website or admission brochure.
GJ-ENG-001,B.Tech Electrical Engineering,Unknown,2024-25,Fee information not verified from official sources. Check institution website or admission brochure.
GJ-ENG-001,B.Tech Chemical Engineering,Unknown,2024-25,Fee information not verified from official sources. Check institution website or admission brochure.
GJ-ENG-001,B.Tech Aerospace Engineering,Unknown,2024-25,Fee information not verified from official sources. Check institution website or admission brochure.
GJ-ENG-001,B.Tech Artificial Intelligence and Machine Learning,Unknown,2024-25,Fee information not verified from official sources. Check institution website or admission brochure.
UP-ENG-001,B.Tech Computer Science Engineering,Unknown,2024-25,Fee information not verified from official sources. Check institution website or admission brochure.
UP-ENG-001,B.Tech Electronics and Communication Engineering,Unknown,2024-25,Fee information not verified from official sources. Check institution website or admission brochure.
UP-ENG-001,B.Tech Mechanical Engineering,Unknown,2024-25,Fee information not verified from official sources. Check institution website or admission brochure.
UP-ENG-001,B.Tech Civil Engineering,Unknown,2024-25,Fee information not verified from official sources. Check institution website or admission brochure.
UP-ENG-001,B.Tech Electrical Engineering,Unknown,2024-25,Fee information not verified from official sources. Check institution website or admission brochure.
UP-ENG-001,B.Tech Chemical Engineering,Unknown,2024-25,Fee information not verified from official sources. Check institution website or admission brochure.
UP-ENG-001,B.Tech Aerospace Engineering,Unknown,2024-25,Fee information not verified from official sources. Check institution website or admission brochure.
UP-ENG-001,B.Tech Artificial Intelligence and Machine Learning,Unknown,2024-25,Fee information not verified from official sources. Check institution website or admission brochure.
UP-ENG-002,B.Tech Computer Science Engineering,Unknown,2024-25,Fee information not verified from official sources. Check institution website or admission brochure.
UP-ENG-002,B.Tech Electronics and Communication Engineering,Unknown,2024-25,Fee information not verified from official sources. Check institution website or admission brochure.
UP-ENG-002,B.Tech Mechanical Engineering,Unknown,2024-25,Fee information not verified from official sources. Check institution website or admission brochure.
UP-ENG-002,B.Tech Civil Engineering,Unknown,2024-25,Fee information not verified from official sources. Check institution website or admission brochure.
UP-ENG-002,B.Tech Electrical Engineering,Unknown,2024-25,Fee information not verified from official sources. Check institution website or admission brochure.
UP-ENG-002,B.Tech Chemical Engineering,Unknown,2024-25,Fee information not verified from official sources. Check institution website or admission brochure.
UP-ENG-002,B.Tech Aerospace Engineering,Unknown,2024-25,Fee information not verified from official sources. Check institution website or admission brochure.
UP-ENG-002,B.Tech Artificial Intelligence and Machine Learning,Unknown,2024-25,Fee information not verified from official sources. Check institution website or admission brochure.
KA-ENG-001,B.Tech Computer Science Engineering,Unknown,2024-25,Fee information not verified from official sources. Check institution website or admission brochure.
KA-ENG-001,B.Tech Electronics and Communication Engineering,Unknown,2024-25,Fee information not verified from official sources. Check institution website or admission brochure.
KA-ENG-001,B.Tech Mechanical Engineering,Unknown,2024-25,Fee information not verified from official sources. Check institution website or admission brochure.
KA-ENG-001,B.Tech Civil Engineering,Unknown,2024-25,Fee information not verified from official sources. Check institution website or admission brochure.
KA-ENG-001,B.Tech Electrical Engineering,Unknown,2024-25,Fee information not verified from official sources. Check institution website or admission brochure.
KA-ENG-001,B.Tech Information Technology,Unknown,2024-25,Fee information not verified from official sources. Check institution website or admission brochure.
TN-ENG-002,B.Tech Computer Science Engineering,Unknown,2024-25,Fee information not verified from official sources. Check institution website or admission brochure.
TN-ENG-002,B.Tech Electronics and Communication Engineering,Unknown,2024-25,Fee information not verified from official sources. Check institution website or admission brochure.
TN-ENG-002,B.Tech Mechanical Engineering,Unknown,2024-25,Fee information not verified from official sources. Check institution website or admission brochure.
TN-ENG-002,B.Tech Civil Engineering,Unknown,2024-25,Fee information not verified from official sources. Check institution website or admission brochure.
TN-ENG-002,B.Tech Electrical Engineering,Unknown,2024-25,Fee information not verified from official sources. Check institution website or admission brochure.
TN-ENG-002,B.Tech Information Technology,Unknown,2024-25,Fee information not verified from official sources. Check institution website or admission brochure.
KL-ENG-001,B.Tech Computer Science Engineering,Unknown,2024-25,Fee information not verified from official sources. Check institution website or admission brochure.
KL-ENG-001,B.Tech Electronics and Communication Engineering,Unknown,2024-25,Fee information not verified from official sources. Check institution website or admission brochure.
KL-ENG-001,B.Tech Mechanical Engineering,Unknown,2024-25,Fee information not verified from official sources. Check institution website or admission brochure.
KL-ENG-001,B.Tech Civil Engineering,Unknown,2024-25,Fee information not verified from official sources. Check institution website or admission brochure.
KL-ENG-001,B.Tech Electrical Engineering,Unknown,2024-25,Fee information not verified from official sources. Check institution website or admission brochure.
KL-ENG-001,B.Tech Information Technology,Unknown,2024-25,Fee information not verified from official sources. Check institution website or admission brochure.
TS-ENG-002,B.Tech Computer Science Engineering,Unknown,2024-25,Fee information not verified from official sources. Check institution website or admission brochure.
TS-ENG-002,B.Tech Electronics and Communication Engineering,Unknown,2024-25,Fee information not verified from official sources. Check institution website or admission brochure.
TS-ENG-002,B.Tech Mechanical Engineering,Unknown,2024-25,Fee information not verified from official sources. Check institution website or admission brochure.
TS-ENG-002,B.Tech Civil Engineering,Unknown,2024-25,Fee information not verified from official sources. Check institution website or admission brochure.
TS-ENG-002,B.Tech Electrical Engineering,Unknown,2024-25,Fee information not verified from official sources. Check institution website or admission brochure.
TS-ENG-002,B.Tech Information Technology,Unknown,2024-25,Fee information not verified from official sources. Check institution website or admission brochure.
AP-ENG-002,B.Tech Computer Science Engineering,Unknown,2024-25,Fee information not verified from official sources. Check institution website or admission brochure.
AP-ENG-002,B.Tech Electronics and Communication Engineering,Unknown,2024-25,Fee information not verified from official sources. Check institution website or admission brochure.
AP-ENG-002,B.Tech Mechanical Engineering,Unknown,2024-25,Fee information not verified from official sources. Check institution website or admission brochure.
AP-ENG-002,B.Tech Civil Engineering,Unknown,2024-25,Fee information not verified from official sources. Check institution website or admission brochure.
AP-ENG-002,B.Tech Electrical Engineering,Unknown,2024-25,Fee information not verified from official sources. Check institution website or admission brochure.
AP-ENG-002,B.Tech Information Technology,Unknown,2024-25,Fee information not verified from official sources. Check institution website or admission brochure.
MH-ENG-002,B.Tech Computer Science Engineering,Unknown,2024-25,Fee information not verified from official sources. Check institution website or admission brochure.
MH-ENG-002,B.Tech Electronics and Communication Engineering,Unknown,2024-25,Fee information not verified from official sources. Check institution website or admission brochure.
MH-ENG-002,B.Tech Mechanical Engineering,Unknown,2024-25,Fee information not verified from official sources. Check institution website or admission brochure.
MH-ENG-002,B.Tech Civil Engineering,Unknown,2024-25,Fee information not verified from official sources. Check institution website or admission brochure.
MH-ENG-002,B.Tech Electrical Engineering,Unknown,2024-25,Fee information not verified from official sources. Check institution website or admission brochure.
MH-ENG-002,B.Tech Information Technology,Unknown,2024-25,Fee information not verified from official sources. Check institution website or admission brochure.
GJ-ENG-002,B.Tech Computer Science Engineering,Unknown,2024-25,Fee information not verified from official sources. Check institution website or admission brochure.
GJ-ENG-002,B.Tech Electronics and Communication Engineering,Unknown,2024-25,Fee information not verified from official sources. Check institution website or admission brochure.
GJ-ENG-002,B.Tech Mechanical Engineering,Unknown,2024-25,Fee information not verified from official sources. Check institution website or admission brochure.
GJ-ENG-002,B.Tech Civil Engineering,Unknown,2024-25,Fee information not verified from official sources. Check institution website or admission brochure.
GJ-ENG-002,B.Tech Electrical Engineering,Unknown,2024-25,Fee information not verified from official sources. Check institution website or admission brochure.
GJ-ENG-002,B.Tech Information Technology,Unknown,2024-25,Fee information not verified from official sources. Check institution website or admission brochure.
UP-ENG-003,B.Tech Computer Science Engineering,Unknown,2024-25,Fee information not verified from official sources. Check institution website or admission brochure.
UP-ENG-003,B.Tech Electronics and Communication Engineering,Unknown,2024-25,Fee information not verified from official sources. Check institution website or admission brochure.
UP-ENG-003,B.Tech Mechanical Engineering,Unknown,2024-25,Fee information not verified from official sources. Check institution website or admission brochure.
UP-ENG-003,B.Tech Civil Engineering,Unknown,2024-25,Fee information not verified from official sources. Check institution website or admission brochure.
UP-ENG-003,B.Tech Electrical Engineering,Unknown,2024-25,Fee information not verified from official sources. Check institution website or admission brochure.
UP-ENG-003,B.Tech Information Technology,Unknown,2024-25,Fee information not verified from official sources. Check institution website or admission brochure.
KA-ENG-003,B.Tech Computer Science Engineering,Unknown,2024-25,Fee information not verified from official sources. Check institution website or admission brochure.
KA-ENG-003,B.Tech Electronics and Communication Engineering,Unknown,2024-25,Fee information not verified from official sources. Check institution website or admission brochure.
KA-ENG-003,B.Tech Information Technology,Unknown,2024-25,Fee information not verified from official sources. Check institution website or admission brochure.
TS-ENG-003,B.Tech Computer Science Engineering,Unknown,2024-25,Fee information not verified from official sources. Check institution website or admission brochure.
TS-ENG-003,B.Tech Electronics and Communication Engineering,Unknown,2024-25,Fee information not verified from official sources. Check institution website or admission brochure.
DL-ENG-004,B.Tech Computer Science Engineering,Unknown,2024-25,Fee information not verified from official sources. Check institution website or admission brochure.
DL-ENG-004,B.Tech Electronics and Communication Engineering,Unknown,2024-25,Fee information not verified from official sources. Check institution website or admission brochure.
DL-ENG-004,B.Tech Computer Science and Design,Unknown,2024-25,Fee information not verified from official sources. Check institution website or admission brochure.
TS-ENG-004,B.Tech Computer Science Engineering,Unknown,2024-25,Fee information not verified from official sources. Check institution website or admission brochure.
TS-ENG-004,B.Tech Electronics and Communication Engineering,Unknown,2024-25,Fee information not verified from official sources. Check institution website or admission brochure.
TS-ENG-004,B.Tech Mechanical Engineering,Unknown,2024-25,Fee information not verified from official sources. Check institution website or admission brochure.
TS-ENG-004,B.Tech Civil Engineering,Unknown,2024-25,Fee information not verified from official sources. Check institution website or admission brochure.
TS-ENG-004,B.Tech Electrical Engineering,Unknown,2024-25,Fee information not verified from official sources. Check institution website or admission brochure.
TS-ENG-004,B.Tech Information Technology,Unknown,2024-25,Fee information not verified from official sources. Check institution website or admission brochure.
TS-ENG-004,B.Pharm,Unknown,2024-25,Fee information not verified from official sources. Check institution website or admission brochure.
KA-ENG-004,B.Tech Computer Science Engineering,Unknown,2024-25,Fee information not verified from official sources. Check institution website or admission brochure.
KA-ENG-004,B.Tech Electronics and Communication Engineering,Unknown,2024-25,Fee information not verified from official sources. Check institution website or admission brochure.
KA-ENG-004,B.Tech Mechanical Engineering,Unknown,2024-25,Fee information not verified from official sources. Check institution website or admission brochure.
KA-ENG-004,B.Tech Civil Engineering,Unknown,2024-25,Fee information not verified from official sources. Check institution website or admission brochure.
KA-ENG-004,B.Tech Electrical Engineering,Unknown,2024-25,Fee information not verified from official sources. Check institution website or admission brochure.
KA-ENG-004,B.Tech Information Technology,Unknown,2024-25,Fee information not verified from official sources. Check institution website or admission brochure.
KA-ENG-004,B.Tech Artificial Intelligence and Machine Learning,Unknown,2024-25,Fee information not verified from official sources. Check institution website or admission brochure.
KA-ENG-004,B.Tech Data Science,Unknown,2024-25,Fee information not verified from official sources. Check institution website or admission brochure.
KA-ENG-007,B.Tech Computer Science Engineering,Unknown,2024-25,Fee information not verified from official sources. Check institution website or admission brochure.
KA-ENG-007,B.Tech Electronics and Communication Engineering,Unknown,2024-25,Fee information not verified from official sources. Check institution website or admission brochure.
KA-ENG-007,B.Tech Mechanical Engineering,Unknown,2024-25,Fee information not verified from official sources. Check institution website or admission brochure.
KA-ENG-007,B.Tech Civil Engineering,Unknown,2024-25,Fee information not verified from official sources. Check institution website or admission brochure.
KA-ENG-007,B.Tech Electrical Engineering,Unknown,2024-25,Fee information not verified from official sources. Check institution website or admission brochure.
KA-ENG-007,B.Tech Information Technology,Unknown,2024-25,Fee information not verified from official sources. Check institution website or admission brochure.
KA-ENG-007,B.Tech Artificial Intelligence and Machine Learning,Unknown,2024-25,Fee information not verified from official sources. Check institution website or admission brochure.
KA-ENG-007,B.Tech Data Science,Unknown,2024-25,Fee information not verified from official sources. Check institution website or admission brochure.
KA-ENG-008,B.Tech Computer Science Engineering,Unknown,2024-25,Fee information not verified from official sources. Check institution website or admission brochure.
KA-ENG-008,B.Tech Electronics and Communication Engineering,Unknown,2024-25,Fee information not verified from official sources. Check institution website or admission brochure.
KA-ENG-008,B.Tech Mechanical Engineering,Unknown,2024-25,Fee information not verified from official sources. Check institution website or admission brochure.
KA-ENG-008,B.Tech Civil Engineering,Unknown,2024-25,Fee information not verified from official sources. Check institution website or admission brochure.
KA-ENG-008,B.Tech Electrical Engineering,Unknown,2024-25,Fee information not verified from official sources. Check institution website or admission brochure.
KA-ENG-008,B.Tech Information Technology,Unknown,2024-25,Fee information not verified from official sources. Check institution website or admission brochure.
KA-ENG-008,B.Tech Artificial Intelligence and Machine Learning,Unknown,2024-25,Fee information not verified from official sources. Check institution website or admission brochure.
KA-ENG-008,B.Tech Data Science,Unknown,2024-25,Fee information not verified from official sources. Check institution website or admission brochure.
KA-ENG-010,B.Tech Computer Science Engineering,Unknown,2024-25,Fee information not verified from official sources. Check institution website or admission brochure.
KA-ENG-010,B.Tech Electronics and Communication Engineering,Unknown,2024-25,Fee information not verified from official sources. Check institution website or admission brochure.
KA-ENG-010,B.Tech Mechanical Engineering,Unknown,2024-25,Fee information not verified from official sources. Check institution website or admission brochure.
KA-ENG-010,B.Tech Civil Engineering,Unknown,2024-25,Fee information not verified from official sources. Check institution website or admission brochure.
KA-ENG-010,B.Tech Electrical Engineering,Unknown,2024-25,Fee information not verified from official sources. Check institution website or admission brochure.
KA-ENG-010,B.Tech Information Technology,Unknown,2024-25,Fee information not verified from official sources. Check institution website or admission brochure.
KA-ENG-010,B.Tech Artificial Intelligence and Machine Learning,Unknown,2024-25,Fee information not verified from official sources. Check institution website or admission brochure.
KA-ENG-010,B.Tech Data Science,Unknown,2024-25,Fee information not verified from official sources. Check institution website or admission brochure.
KA-ENG-012,B.Tech Computer Science Engineering,Unknown,2024-25,Fee information not verified from official sources. Check institution website or admission brochure.
KA-ENG-012,B.Tech Electronics and Communication Engineering,Unknown,2024-25,Fee information not verified from official sources. Check institution website or admission brochure.
KA-ENG-012,B.Tech Mechanical Engineering,Unknown,2024-25,Fee information not verified from official sources. Check institution website or admission brochure.
KA-ENG-012,B.Tech Civil Engineering,Unknown,2024-25,Fee information not verified from official sources. Check institution website or admission brochure.
KA-ENG-012,B.Tech Electrical Engineering,Unknown,2024-25,Fee information not verified from official sources. Check institution website or admission brochure.
KA-ENG-012,B.Tech Information Technology,Unknown,2024-25,Fee information not verified from official sources. Check institution website or admission brochure.
KA-ENG-012,B.Tech Artificial Intelligence and Machine Learning,Unknown,2024-25,Fee information not verified from official sources. Check institution website or admission brochure.
KA-ENG-012,B.Tech Data Science,Unknown,2024-25,Fee information not verified from official sources. Check institution website or admission brochure.
KA-ENG-013,B.Tech Computer Science Engineering,Unknown,2024-25,Fee information not verified from official sources. Check institution website or admission brochure.
KA-ENG-013,B.Tech Electronics and Communication Engineering,Unknown,2024-25,Fee information not verified from official sources. Check institution website or admission brochure.
KA-ENG-013,B.Tech Mechanical Engineering,Unknown,2024-25,Fee information not verified from official sources. Check institution website or admission brochure.
KA-ENG-013,B.Tech Civil Engineering,Unknown,2024-25,Fee information not verified from official sources. Check institution website or admission brochure.
KA-ENG-013,B.Tech Electrical Engineering,Unknown,2024-25,Fee information not verified from official sources. Check institution website or admission brochure.
KA-ENG-013,B.Tech Information Technology,Unknown,2024-25,Fee information not verified from official sources. Check institution website or admission brochure.
KA-ENG-013,B.Tech Artificial Intelligence and Machine Learning,Unknown,2024-25,Fee information not verified from official sources. Check institution website or admission brochure.
KA-ENG-013,B.Tech Data Science,Unknown,2024-25,Fee information not verified from official sources. Check institution website or admission brochure.
KA-ENG-015,B.Tech Computer Science Engineering,Unknown,2024-25,Fee information not verified from official sources. Check institution website or admission brochure.
KA-ENG-015,B.Tech Electronics and Communication Engineering,Unknown,2024-25,Fee information not verified from official sources. Check institution website or admission brochure.
KA-ENG-015,B.Tech Mechanical Engineering,Unknown,2024-25,Fee information not verified from official sources. Check institution website or admission brochure.
KA-ENG-015,B.Tech Civil Engineering,Unknown,2024-25,Fee information not verified from official sources. Check institution website or admission brochure.
KA-ENG-015,B.Tech Electrical Engineering,Unknown,2024-25,Fee information not verified from official sources. Check institution website or admission brochure.
KA-ENG-015,B.Tech Information Technology,Unknown,2024-25,Fee information not verified from official sources. Check institution website or admission brochure.
KA-ENG-015,B.Tech Artificial Intelligence and Machine Learning,Unknown,2024-25,Fee information not verified from official sources. Check institution website or admission brochure.
KA-ENG-015,B.Tech Data Science,Unknown,2024-25,Fee information not verified from official sources. Check institution website or admission brochure.
KA-ENG-016,B.Tech Computer Science Engineering,Unknown,2024-25,Fee information not verified from official sources. Check institution website or admission brochure.
KA-ENG-016,B.Tech Electronics and Communication Engineering,Unknown,2024-25,Fee information not verified from official sources. Check institution website or admission brochure.
KA-ENG-016,B.Tech Mechanical Engineering,Unknown,2024-25,Fee information not verified from official sources. Check institution website or admission brochure.
KA-ENG-016,B.Tech Civil Engineering,Unknown,2024-25,Fee information not verified from official sources. Check institution website or admission brochure.
KA-ENG-016,B.Tech Electrical Engineering,Unknown,2024-25,Fee information not verified from official sources. Check institution website or admission brochure.
KA-ENG-016,B.Tech Information Technology,Unknown,2024-25,Fee information not verified from official sources. Check institution website or admission brochure.
KA-ENG-016,B.Tech Artificial Intelligence and Machine Learning,Unknown,2024-25,Fee information not verified from official sources. Check institution website or admission brochure.
KA-ENG-016,B.Tech Data Science,Unknown,2024-25,Fee information not verified from official sources. Check institution website or admission brochure.
KA-ENG-017,B.Tech Computer Science Engineering,Unknown,2024-25,Fee information not verified from official sources. Check institution website or admission brochure.
KA-ENG-017,B.Tech Electronics and Communication Engineering,Unknown,2024-25,Fee information not verified from official sources. Check institution website or admission brochure.
KA-ENG-017,B.Tech Mechanical Engineering,Unknown,2024-25,Fee information not verified from official sources. Check institution website or admission brochure.
KA-ENG-017,B.Tech Civil Engineering,Unknown,2024-25,Fee information not verified from official sources. Check institution website or admission brochure.
KA-ENG-017,B.Tech Electrical Engineering,Unknown,2024-25,Fee information not verified from official sources. Check institution website or admission brochure.
KA-ENG-014,B.Tech Computer Science Engineering,Unknown,2024-25,Fee information not verified from official sources. Check institution website or admission brochure.
KA-ENG-014,B.Tech Electronics and Communication Engineering,Unknown,2024-25,Fee information not verified from official sources. Check institution website or admission brochure.
KA-ENG-014,B.Tech Mechanical Engineering,Unknown,2024-25,Fee information not verified from official sources. Check institution website or admission brochure.
KA-ENG-014,B.Tech Civil Engineering,Unknown,2024-25,Fee information not verified from official sources. Check institution website or admission brochure.
KA-ENG-014,B.Tech Electrical Engineering,Unknown,2024-25,Fee information not verified from official sources. Check institution website or admission brochure.
KA-ENG-014,B.Tech Information Technology,Unknown,2024-25,Fee information not verified from official sources. Check institution website or admission brochure.
KA-ENG-014,B.Tech Artificial Intelligence and Machine Learning,Unknown,2024-25,Fee information not verified from official sources. Check institution website or admission brochure.
KA-ENG-014,B.Tech Data Science,Unknown,2024-25,Fee information not verified from official sources. Check institution website or admission brochure.
KA-ENG-002,B.Tech Computer Science Engineering,Unknown,2024-25,Fee information not verified from official sources. Check institution website or admission brochure.
KA-ENG-002,B.Tech Electronics and Communication Engineering,Unknown,2024-25,Fee information not verified from official sources. Check institution website or admission brochure.
KA-ENG-002,B.Tech Mechanical Engineering,Unknown,2024-25,Fee information not verified from official sources. Check institution website or admission brochure.
KA-ENG-002,B.Tech Civil Engineering,Unknown,2024-25,Fee information not verified from official sources. Check institution website or admission brochure.
KA-ENG-002,B.Tech Electrical Engineering,Unknown,2024-25,Fee information not verified from official sources. Check institution website or admission brochure.
KA-ENG-002,B.Tech Information Technology,Unknown,2024-25,Fee information not verified from official sources. Check institution website or admission brochure.
KA-ENG-002,B.Tech Artificial Intelligence and Machine Learning,Unknown,2024-25,Fee information not verified from official sources. Check institution website or admission brochure.
KA-ENG-002,B.Tech Data Science,Unknown,2024-25,Fee information not verified from official sources. Check institution website or admission brochure.
KA-ENG-005,B.Tech Computer Science Engineering,Unknown,2024-25,Fee information not verified from official sources. Check institution website or admission brochure.
KA-ENG-005,B.Tech Electronics and Communication Engineering,Unknown,2024-25,Fee information not verified from official sources. Check institution website or admission brochure.
KA-ENG-005,B.Tech Mechanical Engineering,Unknown,2024-25,Fee information not verified from official sources. Check institution website or admission brochure.
KA-ENG-005,B.Tech Civil Engineering,Unknown,2024-25,Fee information not verified from official sources. Check institution website or admission brochure.
KA-ENG-005,B.Tech Electrical Engineering,Unknown,2024-25,Fee information not verified from official sources. Check institution website or admission brochure.
KA-ENG-005,B.Tech Information Technology,Unknown,2024-25,Fee information not verified from official sources. Check institution website or admission brochure.
KA-ENG-005,B.Tech Artificial Intelligence and Machine Learning,Unknown,2024-25,Fee information not verified from official sources. Check institution website or admission brochure.
KA-ENG-005,B.Tech Data Science,Unknown,2024-25,Fee information not verified from official sources. Check institution website or admission brochure.
KA-ENG-005,B.Com,Unknown,2024-25,Fee information not verified from official sources. Check institution website or admission brochure.
KA-ENG-005,BBA,Unknown,2024-25,Fee information not verified from official sources. Check institution website or admission brochure.
KA-ENG-005,B.Sc Physics,Unknown,2024-25,Fee information not verified from official sources. Check institution website or admission brochure.
KA-ENG-005,B.Sc Mathematics,Unknown,2024-25,Fee information not verified from official sources. Check institution website or admission brochure.
KA-ENG-005,B.Sc Chemistry,Unknown,2024-25,Fee information not verified from official sources. Check institution website or admission brochure.
KA-ENG-005,B.Sc Biotechnology,Unknown,2024-25,Fee information not verified from official sources. Check institution website or admission brochure.
KA-ENG-005,B.Sc Microbiology,Unknown,2024-25,Fee information not verified from official sources. Check institution website or admission brochure.
KA-ENG-005,BCA,Unknown,2024-25,Fee information not verified from official sources. Check institution website or admission brochure.
KA-ENG-005,BA LLB,Unknown,2024-25,Fee information not verified from official sources. Check institution website or admission brochure.
KA-ENG-005,BBA LLB,Unknown,2024-25,Fee information not verified from official sources. Check institution website or admission brochure.
KA-ENG-006,B.Tech Computer Science Engineering,Unknown,2024-25,Fee information not verified from official sources. Check institution website or admission brochure.
KA-ENG-006,B.Tech Electronics and Communication Engineering,Unknown,2024-25,Fee information not verified from official sources. Check institution website or admission brochure.
KA-ENG-006,B.Tech Mechanical Engineering,Unknown,2024-25,Fee information not verified from official sources. Check institution website or admission brochure.
KA-ENG-006,B.Tech Civil Engineering,Unknown,2024-25,Fee information not verified from official sources. Check institution website or admission brochure.
KA-ENG-006,B.Tech Electrical Engineering,Unknown,2024-25,Fee information not verified from official sources. Check institution website or admission brochure.
KA-ENG-006,B.Tech Information Technology,Unknown,2024-25,Fee information not verified from official sources. Check institution website or admission brochure.
KA-ENG-006,B.Tech Artificial Intelligence and Machine Learning,Unknown,2024-25,Fee information not verified from official sources. Check institution website or admission brochure.
KA-ENG-006,B.Tech Data Science,Unknown,2024-25,Fee information not verified from official sources. Check institution website or admission brochure.
KA-ENG-006,B.Com,Unknown,2024-25,Fee information not verified from official sources. Check institution website or admission brochure.
KA-ENG-006,BBA,Unknown,2024-25,Fee information not verified from official sources. Check institution website or admission brochure.
KA-ENG-006,B.Sc Physics,Unknown,2024-25,Fee information not verified from official sources. Check institution website or admission brochure.
KA-ENG-006,B.Sc Mathematics,Unknown,2024-25,Fee information not verified from official sources. Check institution website or admission brochure.
KA-ENG-006,B.Sc Chemistry,Unknown,2024-25,Fee information not verified from official sources. Check institution website or admission brochure.
KA-ENG-006,B.Sc Biotechnology,Unknown,2024-25,Fee information not verified from official sources. Check institution website or admission brochure.
KA-ENG-006,B.Sc Microbiology,Unknown,2024-25,Fee information not verified from official sources. Check institution website or admission brochure.
KA-ENG-006,BCA,Unknown,2024-25,Fee information not verified from official sources. Check institution website or admission brochure.
KA-ENG-011,B.Tech Computer Science Engineering,Unknown,2024-25,Fee information not verified from official sources. Check institution website or admission brochure.
KA-ENG-011,B.Tech Electronics and Communication Engineering,Unknown,2024-25,Fee information not verified from official sources. Check institution website or admission brochure.
KA-ENG-011,B.Tech Mechanical Engineering,Unknown,2024-25,Fee information not verified from official sources. Check institution website or admission brochure.
KA-ENG-011,B.Tech Civil Engineering,Unknown,2024-25,Fee information not verified from official sources. Check institution website or admission brochure.
KA-ENG-011,B.Tech Electrical Engineering,Unknown,2024-25,Fee information not verified from official sources. Check institution website or admission brochure.
KA-ENG-011,B.Tech Information Technology,Unknown,2024-25,Fee information not verified from official sources. Check institution website or admission brochure.
KA-ENG-011,B.Tech Artificial Intelligence and Machine Learning,Unknown,2024-25,Fee information not verified from official sources. Check institution website or admission brochure.
KA-ENG-011,B.Tech Data Science,Unknown,2024-25,Fee information not verified from official sources. Check institution website or admission brochure.
KA-ENG-011,B.Com,Unknown,2024-25,Fee information not verified from official sources. Check institution website or admission brochure.
KA-ENG-011,BBA,Unknown,2024-25,Fee information not verified from official sources. Check institution website or admission brochure.
KA-ENG-011,BCA,Unknown,2024-25,Fee information not verified from official sources. Check institution website or admission brochure.
TN-ENG-004,B.Tech Computer Science Engineering,Unknown,2024-25,Fee information not verified from official sources. Check institution website or admission brochure.
TN-ENG-004,B.Tech Electronics and Communication Engineering,Unknown,2024-25,Fee information not verified from official sources. Check institution website or admission brochure.
TN-ENG-004,B.Tech Mechanical Engineering,Unknown,2024-25,Fee information not verified from official sources. Check institution website or admission brochure.
TN-ENG-004,B.Tech Civil Engineering,Unknown,2024-25,Fee information not verified from official sources. Check institution website or admission brochure.
TN-ENG-004,B.Tech Electrical Engineering,Unknown,2024-25,Fee information not verified from official sources. Check institution website or admission brochure.
TN-ENG-004,B.Tech Information Technology,Unknown,2024-25,Fee information not verified from official sources. Check institution website or admission brochure.
TN-ENG-004,B.Tech Artificial Intelligence and Machine Learning,Unknown,2024-25,Fee information not verified from official sources. Check institution website or admission brochure.
TN-ENG-004,B.Tech Data Science,Unknown,2024-25,Fee information not verified from official sources. Check institution website or admission brochure.
TN-ENG-004,B.Com,Unknown,2024-25,Fee information not verified from official sources. Check institution website or admission brochure.
TN-ENG-004,BBA,Unknown,2024-25,Fee information not verified from official sources. Check institution website or admission brochure.
TN-ENG-004,B.Sc Physics,Unknown,2024-25,Fee information not verified from official sources. Check institution website or admission brochure.
TN-ENG-004,B.Sc Mathematics,Unknown,2024-25,Fee information not verified from official sources. Check institution website or admission brochure.
TN-ENG-004,B.Sc Chemistry,Unknown,2024-25,Fee information not verified from official sources. Check institution website or admission brochure.
TN-ENG-004,BA LLB,Unknown,2024-25,Fee information not verified from official sources. Check institution website or admission brochure.
TN-ENG-004,BBA LLB,Unknown,2024-25,Fee information not verified from official sources. Check institution website or admission brochure.
TN-ENG-004,BCA,Unknown,2024-25,Fee information not verified from official sources. Check institution website or admission brochure.
TN-ENG-005,B.Tech Computer Science Engineering,Unknown,2024-25,Fee information not verified from official sources. Check institution website or admission brochure.
TN-ENG-005,B.Tech Electronics and Communication Engineering,Unknown,2024-25,Fee information not verified from official sources. Check institution website or admission brochure.
TN-ENG-005,B.Tech Mechanical Engineering,Unknown,2024-25,Fee information not verified from official sources. Check institution website or admission brochure.
TN-ENG-005,B.Tech Civil Engineering,Unknown,2024-25,Fee information not verified from official sources. Check institution website or admission brochure.
TN-ENG-005,B.Tech Electrical Engineering,Unknown,2024-25,Fee information not verified from official sources. Check institution website or admission brochure.
TN-ENG-005,B.Tech Information Technology,Unknown,2024-25,Fee information not verified from official sources. Check institution website or admission brochure.
TN-ENG-005,B.Tech Artificial Intelligence and Machine Learning,Unknown,2024-25,Fee information not verified from official sources. Check institution website or admission brochure.
TN-ENG-005,B.Tech Data Science,Unknown,2024-25,Fee information not verified from official sources. Check institution website or admission brochure.
TN-ENG-005,B.Com,Unknown,2024-25,Fee information not verified from official sources. Check institution website or admission brochure.
TN-ENG-005,BBA,Unknown,2024-25,Fee information not verified from official sources. Check institution website or admission brochure.
TN-ENG-005,B.Sc Physics,Unknown,2024-25,Fee information not verified from official sources. Check institution website or admission brochure.
TN-ENG-005,B.Sc Mathematics,Unknown,2024-25,Fee information not verified from official sources. Check institution website or admission brochure.
TN-ENG-005,B.Sc Chemistry,Unknown,2024-25,Fee information not verified from official sources. Check institution website or admission brochure.
TN-ENG-005,BCA,Unknown,2024-25,Fee information not verified from official sources. Check institution website or admission brochure.
KL-ENG-003,B.Tech Computer Science Engineering,Unknown,2024-25,Fee information not verified from official sources. Check institution website or admission brochure.
KL-ENG-003,B.Tech Electronics and Communication Engineering,Unknown,2024-25,Fee information not verified from official sources. Check institution website or admission brochure.
KL-ENG-003,B.Tech Mechanical Engineering,Unknown,2024-25,Fee information not verified from official sources. Check institution website or admission brochure.
KL-ENG-003,B.Tech Civil Engineering,Unknown,2024-25,Fee information not verified from official sources. Check institution website or admission brochure.
KL-ENG-003,B.Tech Electrical Engineering,Unknown,2024-25,Fee information not verified from official sources. Check institution website or admission brochure.
KL-ENG-003,B.Tech Information Technology,Unknown,2024-25,Fee information not verified from official sources. Check institution website or admission brochure.
KL-ENG-003,B.Tech Artificial Intelligence and Machine Learning,Unknown,2024-25,Fee information not verified from official sources. Check institution website or admission brochure.
KL-ENG-003,B.Tech Data Science,Unknown,2024-25,Fee information not verified from official sources. Check institution website or admission brochure.
KL-ENG-003,B.Com,Unknown,2024-25,Fee information not verified from official sources. Check institution website or admission brochure.
KL-ENG-003,BBA,Unknown,2024-25,Fee information not verified from official sources. Check institution website or admission brochure.
KL-ENG-003,BCA,Unknown,2024-25,Fee information not verified from official sources. Check institution website or admission brochure.
MH-MGT-002,B.Com,Unknown,2024-25,Fee information not verified from official sources. Check institution website or admission brochure.
MH-MGT-002,BBA,Unknown,2024-25,Fee information not verified from official sources. Check institution website or admission brochure.
MH-MGT-002,B.Sc Physics,Unknown,2024-25,Fee information not verified from official sources. Check institution website or admission brochure.
MH-MGT-002,B.Sc Mathematics,Unknown,2024-25,Fee information not verified from official sources. Check institution website or admission brochure.
MH-MGT-002,B.Sc Chemistry,Unknown,2024-25,Fee information not verified from official sources. Check institution website or admission brochure.
MH-MGT-002,BA LLB,Unknown,2024-25,Fee information not verified from official sources. Check institution website or admission brochure.
MH-MGT-002,BBA LLB,Unknown,2024-25,Fee information not verified from official sources. Check institution website or admission brochure.
MH-MGT-002,BCA,Unknown,2024-25,Fee information not verified from official sources. Check institution website or admission brochure.
MH-MGT-002,B.Tech Computer Science Engineering,Unknown,2024-25,Fee information not verified from official sources. Check institution website or admission brochure.
MH-MGT-002,B.Pharm,Unknown,2024-25,Fee information not verified from official sources. Check institution website or admission brochure.
TN-ENG-003,B.Tech Computer Science Engineering,Unknown,2024-25,Fee information not verified from official sources. Check institution website or admission brochure.
TN-ENG-003,B.Tech Electronics and Communication Engineering,Unknown,2024-25,Fee information not verified from official sources. Check institution website or admission brochure.
TN-ENG-003,B.Tech Mechanical Engineering,Unknown,2024-25,Fee information not verified from official sources. Check institution website or admission brochure.
TN-ENG-003,B.Tech Civil Engineering,Unknown,2024-25,Fee information not verified from official sources. Check institution website or admission brochure.
TN-ENG-003,B.Tech Electrical Engineering,Unknown,2024-25,Fee information not verified from official sources. Check institution website or admission brochure.
TN-ENG-003,B.Tech Information Technology,Unknown,2024-25,Fee information not verified from official sources. Check institution website or admission brochure.
KL-ENG-002,B.Tech Computer Science Engineering,Unknown,2024-25,Fee information not verified from official sources. Check institution website or admission brochure.
KL-ENG-002,B.Tech Electronics and Communication Engineering,Unknown,2024-25,Fee information not verified from official sources. Check institution website or admission brochure.
KL-ENG-002,B.Tech Mechanical Engineering,Unknown,2024-25,Fee information not verified from official sources. Check institution website or admission brochure.
KL-ENG-002,B.Tech Civil Engineering,Unknown,2024-25,Fee information not verified from official sources. Check institution website or admission brochure.
KL-ENG-002,B.Tech Electrical Engineering,Unknown,2024-25,Fee information not verified from official sources. Check institution website or admission brochure.
TS-ENG-005,B.Tech Computer Science Engineering,Unknown,2024-25,Fee information not verified from official sources. Check institution website or admission brochure.
TS-ENG-005,B.Tech Electronics and Communication Engineering,Unknown,2024-25,Fee information not verified from official sources. Check institution website or admission brochure.
TS-ENG-005,B.Tech Mechanical Engineering,Unknown,2024-25,Fee information not verified from official sources. Check institution website or admission brochure.
TS-ENG-005,B.Tech Civil Engineering,Unknown,2024-25,Fee information not verified from official sources. Check institution website or admission brochure.
TS-ENG-005,B.Tech Electrical Engineering,Unknown,2024-25,Fee information not verified from official sources. Check institution website or admission brochure.
AP-ENG-003,B.Tech Computer Science Engineering,Unknown,2024-25,Fee information not verified from official sources. Check institution website or admission brochure.
AP-ENG-003,B.Tech Electronics and Communication Engineering,Unknown,2024-25,Fee information not verified from official sources. Check institution website or admission brochure.
AP-ENG-003,B.Tech Mechanical Engineering,Unknown,2024-25,Fee information not verified from official sources. Check institution website or admission brochure.
AP-ENG-003,B.Tech Civil Engineering,Unknown,2024-25,Fee information not verified from official sources. Check institution website or admission brochure.
AP-ENG-003,B.Tech Electrical Engineering,Unknown,2024-25,Fee information not verified from official sources. Check institution website or admission brochure.
MH-ENG-003,B.Tech Computer Science Engineering,Unknown,2024-25,Fee information not verified from official sources. Check institution website or admission brochure.
MH-ENG-003,B.Tech Electronics and Communication Engineering,Unknown,2024-25,Fee information not verified from official sources. Check institution website or admission brochure.
MH-ENG-003,B.Tech Mechanical Engineering,Unknown,2024-25,Fee information not verified from official sources. Check institution website or admission brochure.
MH-ENG-003,B.Tech Civil Engineering,Unknown,2024-25,Fee information not verified from official sources. Check institution website or admission brochure.
MH-ENG-003,B.Tech Electrical Engineering,Unknown,2024-25,Fee information not verified from official sources. Check institution website or admission brochure.
MH-ENG-003,B.Tech Information Technology,Unknown,2024-25,Fee information not verified from official sources. Check institution website or admission brochure.
DL-ENG-002,B.Tech Computer Science Engineering,Unknown,2024-25,Fee information not verified from official sources. Check institution website or admission brochure.
DL-ENG-002,B.Tech Electronics and Communication Engineering,Unknown,2024-25,Fee information not verified from official sources. Check institution website or admission brochure.
DL-ENG-002,B.Tech Mechanical Engineering,Unknown,2024-25,Fee information not verified from official sources. Check institution website or admission brochure.
DL-ENG-002,B.Tech Civil Engineering,Unknown,2024-25,Fee information not verified from official sources. Check institution website or admission brochure.
DL-ENG-002,B.Tech Electrical Engineering,Unknown,2024-25,Fee information not verified from official sources. Check institution website or admission brochure.
DL-ENG-002,B.Tech Information Technology,Unknown,2024-25,Fee information not verified from official sources. Check institution website or admission brochure.
DL-ENG-002,B.Tech Artificial Intelligence and Machine Learning,Unknown,2024-25,Fee information not verified from official sources. Check institution website or admission brochure.
DL-ENG-002,B.Tech Data Science,Unknown,2024-25,Fee information not verified from official sources. Check institution website or admission brochure.
DL-ENG-003,B.Tech Computer Science Engineering,Unknown,2024-25,Fee information not verified from official sources. Check institution website or admission brochure.
DL-ENG-003,B.Tech Electronics and Communication Engineering,Unknown,2024-25,Fee information not verified from official sources. Check institution website or admission brochure.
DL-ENG-003,B.Tech Mechanical Engineering,Unknown,2024-25,Fee information not verified from official sources. Check institution website or admission brochure.
DL-ENG-003,B.Tech Civil Engineering,Unknown,2024-25,Fee information not verified from official sources. Check institution website or admission brochure.
DL-ENG-003,B.Tech Electrical Engineering,Unknown,2024-25,Fee information not verified from official sources. Check institution website or admission brochure.
DL-ENG-003,B.Tech Information Technology,Unknown,2024-25,Fee information not verified from official sources. Check institution website or admission brochure.
DL-ENG-003,B.Tech Artificial Intelligence and Machine Learning,Unknown,2024-25,Fee information not verified from official sources. Check institution website or admission brochure.
DL-ENG-003,B.Tech Data Science,Unknown,2024-25,Fee information not verified from official sources. Check institution website or admission brochure.
TN-ENG-006,B.Tech Computer Science Engineering,Unknown,2024-25,Fee information not verified from official sources. Check institution website or admission brochure.
TN-ENG-006,B.Tech Electronics and Communication Engineering,Unknown,2024-25,Fee information not verified from official sources. Check institution website or admission brochure.
TN-ENG-006,B.Tech Mechanical Engineering,Unknown,2024-25,Fee information not verified from official sources. Check institution website or admission brochure.
TN-ENG-006,B.Tech Civil Engineering,Unknown,2024-25,Fee information not verified from official sources. Check institution website or admission brochure.
TN-ENG-006,B.Tech Electrical Engineering,Unknown,2024-25,Fee information not verified from official sources. Check institution website or admission brochure.
TN-ENG-006,B.Tech Information Technology,Unknown,2024-25,Fee information not verified from official sources. Check institution website or admission brochure.
GJ-ENG-003,B.Tech Computer Science Engineering,Unknown,2024-25,Fee information not verified from official sources. Check institution website or admission brochure.
GJ-ENG-003,B.Tech Information and Communication Technology,Unknown,2024-25,Fee information not verified from official sources. Check institution website or admission brochure.
MH-ENG-004,B.Tech Chemical Engineering,Unknown,2024-25,Fee information not verified from official sources. Check institution website or admission brochure.
MH-ENG-004,B.Pharm,Unknown,2024-25,Fee information not verified from official sources. Check institution website or admission brochure.
MH-ENG-004,B.Tech Computer Science Engineering,Unknown,2024-25,Fee information not verified from official sources. Check institution website or admission brochure.
KA-MED-001,MBBS,Unknown,2024-25,Fee information not verified from official sources. Check institution website or admission brochure.
KA-MED-002,MBBS,Unknown,2024-25,Fee information not verified from official sources. Check institution website or admission brochure.
KA-MED-003,MBBS,Unknown,2024-25,Fee information not verified from official sources. Check institution website or admission brochure.
KA-MED-004,MBBS,Unknown,2024-25,Fee information not verified from official sources. Check institution website or admission brochure.
TN-MED-001,MBBS,Unknown,2024-25,Fee information not verified from official sources. Check institution website or admission brochure.
TN-MED-002,MBBS,Unknown,2024-25,Fee information not verified from official sources. Check institution website or admission brochure.
TN-MED-003,MBBS,Unknown,2024-25,Fee information not verified from official sources. Check institution website or admission brochure.
TN-MED-003,B.Sc Nursing,Unknown,2024-25,Fee information not verified from official sources. Check institution website or admission brochure.
KL-MED-001,MBBS,Unknown,2024-25,Fee information not verified from official sources. Check institution website or admission brochure.
KL-MED-002,MBBS,Unknown,2024-25,Fee information not verified from official sources. Check institution website or admission brochure.
KL-MED-003,MBBS,Unknown,2024-25,Fee information not verified from official sources. Check institution website or admission brochure.
KL-MED-003,B.Sc Nursing,Unknown,2024-25,Fee information not verified from official sources. Check institution website or admission brochure.
TS-MED-001,MBBS,Unknown,2024-25,Fee information not verified from official sources. Check institution website or admission brochure.
TS-MED-002,MBBS,Unknown,2024-25,Fee information not verified from official sources. Check institution website or admission brochure.
AP-MED-001,MBBS,Unknown,2024-25,Fee information not verified from official sources. Check institution website or admission brochure.
AP-MED-002,MBBS,Unknown,2024-25,Fee information not verified from official sources. Check institution website or admission brochure.
MH-MED-001,MBBS,Unknown,2024-25,Fee information not verified from official sources. Check institution website or admission brochure.
MH-MED-002,MBBS,Unknown,2024-25,Fee information not verified from official sources. Check institution website or admission brochure.
MH-MED-003,MBBS,Unknown,2024-25,Fee information not verified from official sources. Check institution website or admission brochure.
MH-MED-004,MBBS,Unknown,2024-25,Fee information not verified from official sources. Check institution website or admission brochure.
DL-MED-001,MBBS,Unknown,2024-25,Fee information not verified from official sources. Check institution website or admission brochure.
DL-MED-001,B.Sc Nursing,Unknown,2024-25,Fee information not verified from official sources. Check institution website or admission brochure.
DL-MED-002,MBBS,Unknown,2024-25,Fee information not verified from official sources. Check institution website or admission brochure.
DL-MED-003,MBBS,Unknown,2024-25,Fee information not verified from official sources. Check institution website or admission brochure.
GJ-MED-001,MBBS,Unknown,2024-25,Fee information not verified from official sources. Check institution website or admission brochure.
UP-MED-001,MBBS,Unknown,2024-25,Fee information not verified from official sources. Check institution website or admission brochure.
UP-MED-002,MBBS,Unknown,2024-25,Fee information not verified from official sources. Check institution website or admission brochure.
KA-LAW-001,BA LLB,Unknown,2024-25,Fee information not verified from official sources. Check institution website or admission brochure.
KA-LAW-001,BBA LLB,Unknown,2024-25,Fee information not verified from official sources. Check institution website or admission brochure.
TN-LAW-001,BA LLB,Unknown,2024-25,Fee information not verified from official sources. Check institution website or admission brochure.
TN-LAW-001,BBA LLB,Unknown,2024-25,Fee information not verified from official sources. Check institution website or admission brochure.
KL-LAW-001,BA LLB,Unknown,2024-25,Fee information not verified from official sources. Check institution website or admission brochure.
KL-LAW-001,BBA LLB,Unknown,2024-25,Fee information not verified from official sources. Check institution website or admission brochure.
TS-LAW-001,BA LLB,Unknown,2024-25,Fee information not verified from official sources. Check institution website or admission brochure.
TS-LAW-001,BBA LLB,Unknown,2024-25,Fee information not verified from official sources. Check institution website or admission brochure.
AP-LAW-001,BA LLB,Unknown,2024-25,Fee information not verified from official sources. Check institution website or admission brochure.
AP-LAW-001,BBA LLB,Unknown,2024-25,Fee information not verified from official sources. Check institution website or admission brochure.
MH-LAW-001,BA LLB,Unknown,2024-25,Fee information not verified from official sources. Check institution website or admission brochure.
MH-LAW-001,BBA LLB,Unknown,2024-25,Fee information not verified from official sources. Check institution website or admission brochure.
MH-LAW-002,BA LLB,Unknown,2024-25,Fee information not verified from official sources. Check institution website or admission brochure.
MH-LAW-002,BBA LLB,Unknown,2024-25,Fee information not verified from official sources. Check institution website or admission brochure.
DL-LAW-001,BA LLB,Unknown,2024-25,Fee information not verified from official sources. Check institution website or admission brochure.
DL-LAW-001,BBA LLB,Unknown,2024-25,Fee information not verified from official sources. Check institution website or admission brochure.
DL-LAW-002,BA LLB,Unknown,2024-25,Fee information not verified from official sources. Check institution website or admission brochure.
DL-LAW-002,BBA LLB,Unknown,2024-25,Fee information not verified from official sources. Check institution website or admission brochure.
GJ-LAW-001,BA LLB,Unknown,2024-25,Fee information not verified from official sources. Check institution website or admission brochure.
GJ-LAW-001,BBA LLB,Unknown,2024-25,Fee information not verified from official sources. Check institution website or admission brochure.
UP-LAW-001,BA LLB,Unknown,2024-25,Fee information not verified from official sources. Check institution website or admission brochure.
UP-LAW-001,BBA LLB,Unknown,2024-25,Fee information not verified from official sources. Check institution website or admission brochure.
KA-PHR-001,B.Pharm,Unknown,2024-25,Fee information not verified from official sources. Check institution website or admission brochure.
KA-PHR-001,Pharm.D,Unknown,2024-25,Fee information not verified from official sources. Check institution website or admission brochure.
TN-PHR-001,B.Pharm,Unknown,2024-25,Fee information not verified from official sources. Check institution website or admission brochure.
TN-PHR-001,Pharm.D,Unknown,2024-25,Fee information not verified from official sources. Check institution website or admission brochure.
TS-PHR-001,B.Pharm,Unknown,2024-25,Fee information not verified from official sources. Check institution website or admission brochure.
TS-PHR-001,Pharm.D,Unknown,2024-25,Fee information not verified from official sources. Check institution website or admission brochure.
MH-PHR-001,B.Pharm,Unknown,2024-25,Fee information not verified from official sources. Check institution website or admission brochure.
MH-PHR-001,Pharm.D,Unknown,2024-25,Fee information not verified from official sources. Check institution website or admission brochure.
GJ-PHR-001,B.Pharm,Unknown,2024-25,Fee information not verified from official sources. Check institution website or admission brochure.
GJ-PHR-001,Pharm.D,Unknown,2024-25,Fee information not verified from official sources. Check institution website or admission brochure.
KA-AGR-001,B.Sc Agriculture,Unknown,2024-25,Fee information not verified from official sources. Check institution website or admission brochure.
KA-AGR-001,B.Sc Horticulture,Unknown,2024-25,Fee information not verified from official sources. Check institution website or admission brochure.
KA-AGR-002,B.Sc Agriculture,Unknown,2024-25,Fee information not verified from official sources. Check institution website or admission brochure.
KA-AGR-002,B.Sc Forestry,Unknown,2024-25,Fee information not verified from official sources. Check institution website or admission brochure.
TN-AGR-001,B.Sc Agriculture,Unknown,2024-25,Fee information not verified from official sources. Check institution website or admission brochure.
TN-AGR-001,B.Sc Horticulture,Unknown,2024-25,Fee information not verified from official sources. Check institution website or admission brochure.
KL-AGR-001,B.Sc Agriculture,Unknown,2024-25,Fee information not verified from official sources. Check institution website or admission brochure.
AP-AGR-001,B.Sc Agriculture,Unknown,2024-25,Fee information not verified from official sources. Check institution website or admission brochure.
GJ-AGR-001,B.Sc Agriculture,Unknown,2024-25,Fee information not verified from official sources. Check institution website or admission brochure.
UP-AGR-001,B.Sc Agriculture,Unknown,2024-25,Fee information not verified from official sources. Check institution website or admission brochure.
UP-AGR-001,B.Tech Agricultural Engineering,Unknown,2024-25,Fee information not verified from official sources. Check institution website or admission brochure.
UP-AGR-001,B.Sc Food Technology,Unknown,2024-25,Fee information not verified from official sources. Check institution website or admission brochure.
KA-MGT-001,BBA,Unknown,2024-25,Fee information not verified from official sources. Check institution website or admission brochure.
TN-MGT-001,BBA,Unknown,2024-25,Fee information not verified from official sources. Check institution website or admission brochure.
KL-MGT-001,BBA,Unknown,2024-25,Fee information not verified from official sources. Check institution website or admission brochure.
GJ-MGT-001,BBA,Unknown,2024-25,Fee information not verified from official sources. Check institution website or admission brochure.
DL-MGT-001,BBA,Unknown,2024-25,Fee information not verified from official sources. Check institution website or admission brochure.
UP-MGT-001,BBA,Unknown,2024-25,Fee information not verified from official sources. Check institution website or admission brochure.
MH-MGT-001,BBA,Unknown,2024-25,Fee information not verified from official sources. Check institution website or admission brochure.
KA-DES-001,B.Des,Unknown,2024-25,Fee information not verified from official sources. Check institution website or admission brochure.
TN-DES-001,B.Des,Unknown,2024-25,Fee information not verified from official sources. Check institution website or admission brochure.
MH-DES-001,B.Des,Unknown,2024-25,Fee information not verified from official sources. Check institution website or admission brochure.
DL-DES-001,B.Des,Unknown,2024-25,Fee information not verified from official sources. Check institution website or admission brochure.
GJ-DES-001,B.Des,Unknown,2024-25,Fee information not verified from official sources. Check institution website or admission brochure.
KA-SCI-001,Integrated M.Sc / BS-MS,Unknown,2024-25,Fee information not verified from official sources. Check institution website or admission brochure.
KL-SCI-001,Integrated M.Sc / BS-MS,Unknown,2024-25,Fee information not verified from official sources. Check institution website or admission brochure.
MH-SCI-001,Integrated M.Sc / BS-MS,Unknown,2024-25,Fee information not verified from official sources. Check institution website or admission brochure.
TS-SCI-001,B.Sc Physics,Unknown,2024-25,Fee information not verified from official sources. Check institution website or admission brochure.
TS-SCI-001,B.Sc Mathematics,Unknown,2024-25,Fee information not verified from official sources. Check institution website or admission brochure.
TS-SCI-001,B.Sc Chemistry,Unknown,2024-25,Fee information not verified from official sources. Check institution website or admission brochure.
TS-SCI-001,B.Sc Biotechnology,Unknown,2024-25,Fee information not verified from official sources. Check institution website or admission brochure.
TS-SCI-001,B.Sc Microbiology,Unknown,2024-25,Fee information not verified from official sources. Check institution website or admission brochure.
TS-SCI-001,BBA,Unknown,2024-25,Fee information not verified from official sources. Check institution website or admission brochure.
TS-SCI-001,BCA,Unknown,2024-25,Fee information not verified from official sources. Check institution website or admission brochure.
TN-COM-001,B.Com,Unknown,2024-25,Fee information not verified from official sources. Check institution website or admission brochure.
TN-COM-001,BBA,Unknown,2024-25,Fee information not verified from official sources. Check institution website or admission brochure.
TN-COM-001,B.Sc Physics,Unknown,2024-25,Fee information not verified from official sources. Check institution website or admission brochure.
TN-COM-001,B.Sc Mathematics,Unknown,2024-25,Fee information not verified from official sources. Check institution website or admission brochure.
TN-COM-001,B.Sc Chemistry,Unknown,2024-25,Fee information not verified from official sources. Check institution website or admission brochure.
TN-COM-001,B.Sc Biotechnology,Unknown,2024-25,Fee information not verified from official sources. Check institution website or admission brochure.
TN-COM-001,B.Sc Microbiology,Unknown,2024-25,Fee information not verified from official sources. Check institution website or admission brochure.
TN-SCI-001,B.Sc Physics,Unknown,2024-25,Fee information not verified from official sources. Check institution website or admission brochure.
TN-SCI-001,B.Sc Mathematics,Unknown,2024-25,Fee information not verified from official sources. Check institution website or admission brochure.
TN-SCI-001,B.Sc Chemistry,Unknown,2024-25,Fee information not verified from official sources. Check institution website or admission brochure.
TN-SCI-001,B.Sc Biotechnology,Unknown,2024-25,Fee information not verified from official sources. Check institution website or admission brochure.
TN-SCI-001,B.Sc Microbiology,Unknown,2024-25,Fee information not verified from official sources. Check institution website or admission brochure.
TN-SCI-001,B.Com,Unknown,2024-25,Fee information not verified from official sources. Check institution website or admission brochure.
MH-COM-001,B.Com,Unknown,2024-25,Fee information not verified from official sources. Check institution website or admission brochure.
MH-COM-001,BBA,Unknown,2024-25,Fee information not verified from official sources. Check institution website or admission brochure.
DL-COM-001,B.Com,Unknown,2024-25,Fee information not verified from official sources. Check institution website or admission brochure.
DL-COM-001,BBA,Unknown,2024-25,Fee information not verified from official sources. Check institution website or admission brochure.
DL-COM-002,B.Com,Unknown,2024-25,Fee information not verified from official sources. Check institution website or admission brochure.
DL-COM-002,B.Sc Physics,Unknown,2024-25,Fee information not verified from official sources. Check institution website or admission brochure.
DL-COM-002,B.Sc Mathematics,Unknown,2024-25,Fee information not verified from official sources. Check institution website or admission brochure.
DL-COM-002,B.Sc Chemistry,Unknown,2024-25,Fee information not verified from official sources. Check institution website or admission brochure.
DL-COM-002,B.Sc Biotechnology,Unknown,2024-25,Fee information not verified from official sources. Check institution website or admission brochure.
DL-COM-002,B.Sc Microbiology,Unknown,2024-25,Fee information not verified from official sources. Check institution website or admission brochure.
DL-COM-003,B.Com,Unknown,2024-25,Fee information not verified from official sources. Check institution website or admission brochure.
DL-COM-003,BBA,Unknown,2024-25,Fee information not verified from official sources. Check institution website or admission brochure.
DL-COM-003,B.Sc Physics,Unknown,2024-25,Fee information not verified from official sources. Check institution website or admission brochure.
DL-COM-003,B.Sc Mathematics,Unknown,2024-25,Fee information not verified from official sources. Check institution website or admission brochure.
DL-COM-003,B.Sc Chemistry,Unknown,2024-25,Fee information not verified from official sources. Check institution website or admission brochure.
DL-SCI-001,B.Sc Physics,Unknown,2024-25,Fee information not verified from official sources. Check institution website or admission brochure.
DL-SCI-001,B.Sc Mathematics,Unknown,2024-25,Fee information not verified from official sources. Check institution website or admission brochure.
DL-SCI-001,B.Sc Chemistry,Unknown,2024-25,Fee information not verified from official sources. Check institution website or admission brochure.
DL-SCI-001,B.Com,Unknown,2024-25,Fee information not verified from official sources. Check institution website or admission brochure.
UP-SCI-001,B.Sc Physics,Unknown,2024-25,Fee information not verified from official sources. Check institution website or admission brochure.
UP-SCI-001,B.Sc Mathematics,Unknown,2024-25,Fee information not verified from official sources. Check institution website or admission brochure.
UP-SCI-001,B.Sc Chemistry,Unknown,2024-25,Fee information not verified from official sources. Check institution website or admission brochure.
UP-SCI-001,B.Sc Biotechnology,Unknown,2024-25,Fee information not verified from official sources. Check institution website or admission brochure.
UP-SCI-001,B.Sc Microbiology,Unknown,2024-25,Fee information not verified from official sources. Check institution website or admission brochure.
UP-SCI-001,B.Com,Unknown,2024-25,Fee information not verified from official sources. Check institution website or admission brochure.
UP-SCI-001,BBA,Unknown,2024-25,Fee information not verified from official sources. Check institution website or admission brochure.
UP-SCI-001,BCA,Unknown,2024-25,Fee information not verified from official sources. Check institution website or admission brochure.
