College_ID,Boys_Hostel,Girls_Hostel,Hostel_Fee,Capacity,Source
KA-ENG-001,Yes,Yes,Unknown,Unknown,Hostel availability based on institutional type (IITs/NITs/IIMs/medical colleges typically have hostels). Verify with institution.
KA-ENG-002,Yes,Yes,Unknown,Unknown,Hostel availability based on institutional type (IITs/NITs/IIMs/medical colleges typically have hostels). Verify with institution.
KA-ENG-003,Unknown,Unknown,Unknown,Unknown,Hostel availability based on institutional type (IITs/NITs/IIMs/medical colleges typically have hostels). Verify with institution.
KA-ENG-004,Unknown,Unknown,Unknown,Unknown,Hostel availability based on institutional type (IITs/NITs/IIMs/medical colleges typically have hostels). Verify with institution.
KA-ENG-005,Yes,Yes,Unknown,Unknown,Hostel availability based on institutional type (IITs/NITs/IIMs/medical colleges typically have hostels). Verify with institution.
KA-ENG-006,Yes,Yes,Unknown,Unknown,Hostel availability based on institutional type (IITs/NITs/IIMs/medical colleges typically have hostels). Verify with institution.
KA-ENG-007,Unknown,Unknown,Unknown,Unknown,Hostel availability based on institutional type (IITs/NITs/IIMs/medical colleges typically have hostels). Verify with institution.
KA-ENG-008,Yes,Yes,Unknown,Unknown,Hostel availability based on institutional type (IITs/NITs/IIMs/medical colleges typically have hostels). Verify with institution.
KA-ENG-009,Yes,Yes,Unknown,Unknown,Hostel availability based on institutional type (IITs/NITs/IIMs/medical colleges typically have hostels). Verify with institution.
KA-ENG-010,Unknown,Unknown,Unknown,Unknown,Hostel availability based on institutional type (IITs/NITs/IIMs/medical colleges typically have hostels). Verify with institution.
KA-ENG-011,Unknown,Unknown,Unknown,Unknown,Hostel availability based on institutional type (IITs/NITs/IIMs/medical colleges typically have hostels). Verify with institution.
KA-ENG-012,Unknown,Unknown,Unknown,Unknown,Hostel availability based on institutional type (IITs/NITs/IIMs/medical colleges typically have hostels). Verify with institution.
KA-ENG-013,Unknown,Unknown,Unknown,Unknown,Hostel availability based on institutional type (IITs/NITs/IIMs/medical colleges typically have hostels). Verify with institution.
KA-ENG-014,Unknown,Unknown,Unknown,Unknown,Hostel availability based on institutional type (IITs/NITs/IIMs/medical colleges typically have hostels). Verify with institution.
KA-ENG-015,Unknown,Unknown,Unknown,Unknown,Hostel availability based on institutional type (IITs/NITs/IIMs/medical colleges typically have hostels). Verify with institution.
KA-ENG-016,Unknown,Unknown,Unknown,Unknown,Hostel availability based on institutional type (IITs/NITs/IIMs/medical colleges typically have hostels). Verify with institution.
KA-ENG-017,Unknown,Unknown,Unknown,Unknown,Hostel availability based on institutional type (IITs/NITs/IIMs/medical colleges typically have hostels). Verify with institution.
KA-MED-001,Yes,Yes,Unknown,Unknown,Hostel availability based on institutional type (IITs/NITs/IIMs/medical colleges typically have hostels). Verify with institution.
KA-MED-002,Yes,Yes,Unknown,Unknown,Hostel availability based on institutional type (IITs/NITs/IIMs/medical colleges typically have hostels). Verify with institution.
KA-MED-003,Yes,Yes,Unknown,Unknown,Hostel availability based on institutional type (IITs/NITs/IIMs/medical colleges typically have hostels). Verify with institution.
KA-MED-004,Yes,Yes,Unknown,Unknown,Hostel availability based on institutional type (IITs/NITs/IIMs/medical colleges typically have hostels). Verify with institution.
KA-LAW-001,Yes,Yes,Unknown,Unknown,Hostel availability based on institutional type (IITs/NITs/IIMs/medical colleges typically have hostels). Verify with institution.
KA-MGT-001,Yes,Yes,Unknown,Unknown,Hostel availability based on institutional type (IITs/NITs/IIMs/medical colleges typically have hostels). Verify with institution.
KA-PHR-001,Unknown,Unknown,Unknown,Unknown,Hostel availability based on institutional type (IITs/NITs/IIMs/medical colleges typically have hostels). Verify with institution.
KA-AGR-001,Yes,Yes,Unknown,Unknown,Hostel availability based on institutional type (IITs/NITs/IIMs/medical colleges typically have hostels). Verify with institution.
KA-AGR-002,Yes,Yes,Unknown,Unknown,Hostel availability based on institutional type (IITs/NITs/IIMs/medical colleges typically have hostels). Verify with institution.
KA-SCI-001,Yes,Yes,Unknown,Unknown,Hostel availability based on institutional type (IITs/NITs/IIMs/medical colleges typically have hostels). Verify with institution.
KA-DES-001,Unknown,Unknown,Unknown,Unknown,Hostel availability based on institutional type (IITs/NITs/IIMs/medical colleges typically have hostels). Verify with institution.
TN-ENG-001,Yes,Yes,Unknown,Unknown,Hostel availability based on institutional type (IITs/NITs/IIMs/medical colleges typically have hostels). Verify with institution.
TN-ENG-002,Yes,Yes,Unknown,Unknown,Hostel availability based on institutional type (IITs/NITs/IIMs/medical colleges typically have hostels). Verify with institution.
TN-ENG-003,Yes,Yes,Unknown,Unknown,Hostel availability based on institutional type (IITs/NITs/IIMs/medical colleges typically have hostels). Verify with institution.
TN-ENG-004,Yes,Yes,Unknown,Unknown,Hostel availability based on institutional type (IITs/NITs/IIMs/medical colleges typically have hostels). Verify with institution.
TN-ENG-005,Yes,Yes,Unknown,Unknown,Hostel availability based on institutional type (IITs/NITs/IIMs/medical colleges typically have hostels). Verify with institution.
TN-ENG-006,Yes,Yes,Unknown,Unknown,Hostel availability based on institutional type (IITs/NITs/IIMs/medical colleges typically have hostels). Verify with institution.
TN-MED-001,Yes,Yes,Unknown,Unknown,Hostel availability based on institutional type (IITs/NITs/IIMs/medical colleges typically have hostels). Verify with institution.
TN-MED-002,Yes,Yes,Unknown,Unknown,Hostel availability based on institutional type (IITs/NITs/IIMs/medical colleges typically have hostels). Verify with institution.
TN-MED-003,Yes,Yes,Unknown,Unknown,Hostel availability based on institutional type (IITs/NITs/IIMs/medical colleges typically have hostels). Verify with institution.
TN-LAW-001,Unknown,Unknown,Unknown,Unknown,Hostel availability based on institutional type (IITs/NITs/IIMs/medical colleges typically have hostels). Verify with institution.
TN-MGT-001,Yes,Yes,Unknown,Unknown,Hostel availability based on institutional type (IITs/NITs/IIMs/medical colleges typically have hostels). Verify with institution.
TN-COM-001,Yes,Yes,Unknown,Unknown,Hostel availability based on institutional type (IITs/NITs/IIMs/medical colleges typically have hostels). Verify with institution.
TN-AGR-001,Yes,Yes,Unknown,Unknown,Hostel availability based on institutional type (IITs/NITs/IIMs/medical colleges typically have hostels). Verify with institution.
TN-DES-001,Unknown,Unknown,Unknown,Unknown,Hostel availability based on institutional type (IITs/NITs/IIMs/medical colleges typically have hostels). Verify with institution.
TN-PHR-001,Unknown,Unknown,Unknown,Unknown,Hostel availability based on institutional type (IITs/NITs/IIMs/medical colleges typically have hostels). Verify with institution.
TN-SCI-001,Yes,Yes,Unknown,Unknown,Hostel availability based on institutional type (IITs/NITs/IIMs/medical colleges typically have hostels). Verify with institution.
KL-ENG-001,Yes,Yes,Unknown,Unknown,Hostel availability based on institutional type (IITs/NITs/IIMs/medical colleges typically have hostels). Verify with institution.
KL-ENG-002,Yes,Yes,Unknown,Unknown,Hostel availability based on institutional type (IITs/NITs/IIMs/medical colleges typically have hostels). Verify with institution.
KL-ENG-003,Yes,Yes,Unknown,Unknown,Hostel availability based on institutional type (IITs/NITs/IIMs/medical colleges typically have hostels). Verify with institution.
KL-MED-001,Yes,Yes,Unknown,Unknown,Hostel availability based on institutional type (IITs/NITs/IIMs/medical colleges typically have hostels). Verify with institution.
KL-MED-002,Yes,Yes,Unknown,Unknown,Hostel availability based on institutional type (IITs/NITs/IIMs/medical colleges typically have hostels). Verify with institution.
KL-MED-003,Yes,Yes,Unknown,Unknown,Hostel availability based on institutional type (IITs/NITs/IIMs/medical colleges typically have hostels). Verify with institution.
KL-LAW-001,Unknown,Unknown,Unknown,Unknown,Hostel availability based on institutional type (IITs/NITs/IIMs/medical colleges typically have hostels). Verify with institution.
KL-SCI-001,Yes,Yes,Unknown,Unknown,Hostel availability based on institutional type (IITs/NITs/IIMs/medical colleges typically have hostels). Verify with institution.
KL-MGT-001,Yes,Yes,Unknown,Unknown,Hostel availability based on institutional type (IITs/NITs/IIMs/medical colleges typically have hostels). Verify with institution.
KL-AGR-001,Yes,Yes,Unknown,Unknown,Hostel availability based on institutional type (IITs/NITs/IIMs/medical colleges typically have hostels). Verify with institution.
TS-ENG-001,Yes,Yes,Unknown,Unknown,Hostel availability based on institutional type (IITs/NITs/IIMs/medical colleges typically have hostels). Verify with institution.
TS-ENG-002,Yes,Yes,Unknown,Unknown,Hostel availability based on institutional type (IITs/NITs/IIMs/medical colleges typically have hostels). Verify with institution.
TS-ENG-003,Yes,Yes,Unknown,Unknown,Hostel availability based on institutional type (IITs/NITs/IIMs/medical colleges typically have hostels). Verify with institution.
TS-ENG-004,Yes,Yes,Unknown,Unknown,Hostel availability based on institutional type (IITs/NITs/IIMs/medical colleges typically have hostels). Verify with institution.
TS-ENG-005,Unknown,Unknown,Unknown,Unknown,Hostel availability based on institutional type (IITs/NITs/IIMs/medical colleges typically have hostels). Verify with institution.
TS-MED-001,Yes,Yes,Unknown,Unknown,Hostel availability based on institutional type (IITs/NITs/IIMs/medical colleges typically have hostels). Verify with institution.
TS-MED-002,Yes,Yes,Unknown,Unknown,Hostel availability based on institutional type (IITs/NITs/IIMs/medical colleges typically have hostels). Verify with institution.
TS-LAW-001,Yes,Yes,Unknown,Unknown,Hostel availability based on institutional type (IITs/NITs/IIMs/medical colleges typically have hostels). Verify with institution.
TS-PHR-001,Unknown,Unknown,Unknown,Unknown,Hostel availability based on institutional type (IITs/NITs/IIMs/medical colleges typically have hostels). Verify with institution.
TS-SCI-001,Yes,Yes,Unknown,Unknown,Hostel availability based on institutional type (IITs/NITs/IIMs/medical colleges typically have hostels). Verify with institution.
AP-ENG-001,Yes,Yes,Unknown,Unknown,Hostel availability based on institutional type (IITs/NITs/IIMs/medical colleges typically have hostels). Verify with institution.
AP-ENG-002,Yes,Yes,Unknown,Unknown,Hostel availability based on institutional type (IITs/NITs/IIMs/medical colleges typically have hostels). Verify with institution.
AP-ENG-003,Unknown,Unknown,Unknown,Unknown,Hostel availability based on institutional type (IITs/NITs/IIMs/medical colleges typically have hostels). Verify with institution.
AP-MED-001,Yes,Yes,Unknown,Unknown,Hostel availability based on institutional type (IITs/NITs/IIMs/medical colleges typically have hostels). Verify with institution.
AP-MED-002,Unknown,Unknown,Unknown,Unknown,Hostel availability based on institutional type (IITs/NITs/IIMs/medical colleges typically have hostels). Verify with institution.
AP-LAW-001,Unknown,Unknown,Unknown,Unknown,Hostel availability based on institutional type (IITs/NITs/IIMs/medical colleges typically have hostels). Verify with institution.
AP-AGR-001,Unknown,Unknown,Unknown,Unknown,Hostel availability based on institutional type (IITs/NITs/IIMs/medical colleges typically have hostels). Verify with institution.
MH-ENG-001,Yes,Yes,Unknown,Unknown,Hostel availability based on institutional type (IITs/NITs/IIMs/medical colleges typically have hostels). Verify with institution.
MH-ENG-002,Yes,Yes,Unknown,Unknown,Hostel availability based on institutional type (IITs/NITs/IIMs/medical colleges typically have hostels). Verify with institution.
MH-ENG-003,Yes,Yes,Unknown,Unknown,Hostel availability based on institutional type (IITs/NITs/IIMs/medical colleges typically have hostels). Verify with institution.
MH-ENG-004,Unknown,Unknown,Unknown,Unknown,Hostel availability based on institutional type (IITs/NITs/IIMs/medical colleges typically have hostels). Verify with institution.
MH-MED-001,Yes,Yes,Unknown,Unknown,Hostel availability based on institutional type (IITs/NITs/IIMs/medical colleges typically have hostels). Verify with institution.
MH-MED-002,Yes,Yes,Unknown,Unknown,Hostel availability based on institutional type (IITs/NITs/IIMs/medical colleges typically have hostels). Verify with institution.
MH-MED-003,Yes,Yes,Unknown,Unknown,Hostel availability based on institutional type (IITs/NITs/IIMs/medical colleges typically have hostels). Verify with institution.
MH-MED-004,Yes,Yes,Unknown,Unknown,Hostel availability based on institutional type (IITs/NITs/IIMs/medical colleges typically have hostels). Verify with institution.
MH-COM-001,Unknown,Unknown,Unknown,Unknown,Hostel availability based on institutional type (IITs/NITs/IIMs/medical colleges typically have hostels). Verify with institution.
MH-MGT-001,Yes,Yes,Unknown,Unknown,Hostel availability based on institutional type (IITs/NITs/IIMs/medical colleges typically have hostels). Verify with institution.
MH-MGT-002,Yes,Yes,Unknown,Unknown,Hostel availability based on institutional type (IITs/NITs/IIMs/medical colleges typically have hostels). Verify with institution.
MH-LAW-001,Unknown,Unknown,Unknown,Unknown,Hostel availability based on institutional type (IITs/NITs/IIMs/medical colleges typically have hostels). Verify with institution.
MH-LAW-002,Unknown,Unknown,Unknown,Unknown,Hostel availability based on institutional type (IITs/NITs/IIMs/medical colleges typically have hostels). Verify with institution.
MH-DES-001,Unknown,Unknown,Unknown,Unknown,Hostel availability based on institutional type (IITs/NITs/IIMs/medical colleges typically have hostels). Verify with institution.
MH-SCI-001,Yes,Yes,Unknown,Unknown,Hostel availability based on institutional type (IITs/NITs/IIMs/medical colleges typically have hostels). Verify with institution.
MH-PHR-001,Unknown,Unknown,Unknown,Unknown,Hostel availability based on institutional type (IITs/NITs/IIMs/medical colleges typically have hostels). Verify with institution.
DL-ENG-001,Yes,Yes,Unknown,Unknown,Hostel availability based on institutional type (IITs/NITs/IIMs/medical colleges typically have hostels). Verify with institution.
DL-ENG-002,Yes,Yes,Unknown,Unknown,Hostel availability based on institutional type (IITs/NITs/IIMs/medical colleges typically have hostels). Verify with institution.
DL-ENG-003,Yes,Yes,Unknown,Unknown,Hostel availability based on institutional type (IITs/NITs/IIMs/medical colleges typically have hostels). Verify with institution.
DL-ENG-004,Yes,Yes,Unknown,Unknown,Hostel availability based on institutional type (IITs/NITs/IIMs/medical colleges typically have hostels). Verify with institution.
DL-MED-001,Yes,Yes,Unknown,Unknown,Hostel availability based on institutional type (IITs/NITs/IIMs/medical colleges typically have hostels). Verify with institution.
DL-MED-002,Yes,Yes,Unknown,Unknown,Hostel availability based on institutional type (IITs/NITs/IIMs/medical colleges typically have hostels). Verify with institution.
DL-MED-003,Yes,Yes,Unknown,Unknown,Hostel availability based on institutional type (IITs/NITs/IIMs/medical colleges typically have hostels). Verify with institution.
DL-COM-001,Yes,Yes,Unknown,Unknown,Hostel availability based on institutional type (IITs/NITs/IIMs/medical colleges typically have hostels). Verify with institution.
DL-COM-002,Yes,Yes,Unknown,Unknown,Hostel availability based on institutional type (IITs/NITs/IIMs/medical colleges typically have hostels). Verify with institution.
DL-COM-003,Yes,Yes,Unknown,Unknown,Hostel availability based on institutional type (IITs/NITs/IIMs/medical colleges typically have hostels). Verify with institution.
DL-MGT-001,Unknown,Unknown,Unknown,Unknown,Hostel availability based on institutional type (IITs/NITs/IIMs/medical colleges typically have hostels). Verify with institution.
DL-LAW-001,Yes,Yes,Unknown,Unknown,Hostel availability based on institutional type (IITs/NITs/IIMs/medical colleges typically have hostels). Verify with institution.
DL-LAW-002,Unknown,Unknown,Unknown,Unknown,Hostel availability based on institutional type (IITs/NITs/IIMs/medical colleges typically have hostels). Verify with institution.
DL-DES-001,Yes,Yes,Unknown,Unknown,Hostel availability based on institutional type (IITs/NITs/IIMs/medical colleges typically have hostels). Verify with institution.
DL-SCI-001,Yes,Yes,Unknown,Unknown,Hostel availability based on institutional type (IITs/NITs/IIMs/medical colleges typically have hostels). Verify with institution.
GJ-ENG-001,Yes,Yes,Unknown,Unknown,Hostel availability based on institutional type (IITs/NITs/IIMs/medical colleges typically have hostels). Verify with institution.
GJ-ENG-002,Yes,Yes,Unknown,Unknown,Hostel availability based on institutional type (IITs/NITs/IIMs/medical colleges typically have hostels). Verify with institution.
GJ-ENG-003,Yes,Yes,Unknown,Unknown,Hostel availability based on institutional type (IITs/NITs/IIMs/medical colleges typically have hostels). Verify with institution.
GJ-MED-001,Yes,Yes,Unknown,Unknown,Hostel availability based on institutional type (IITs/NITs/IIMs/medical colleges typically have hostels). Verify with institution.
GJ-MGT-001,Yes,Yes,Unknown,Unknown,Hostel availability based on institutional type (IITs/NITs/IIMs/medical colleges typically have hostels). Verify with institution.
GJ-LAW-001,Yes,Yes,Unknown,Unknown,Hostel availability based on institutional type (IITs/NITs/IIMs/medical colleges typically have hostels). Verify with institution.
GJ-DES-001,Yes,Yes,Unknown,Unknown,Hostel availability based on institutional type (IITs/NITs/IIMs/medical colleges typically have hostels). Verify with institution.
GJ-PHR-001,Unknown,Unknown,Unknown,Unknown,Hostel availability based on institutional type (IITs/NITs/IIMs/medical colleges typically have hostels). Verify with institution.
GJ-AGR-001,Unknown,Unknown,Unknown,Unknown,Hostel availability based on institutional type (IITs/NITs/IIMs/medical colleges typically have hostels). Verify with institution.
UP-ENG-001,Yes,Yes,Unknown,Unknown,Hostel availability based on institutional type (IITs/NITs/IIMs/medical colleges typically have hostels). Verify with institution.
UP-ENG-002,Yes,Yes,Unknown,Unknown,Hostel availability based on institutional type (IITs/NITs/IIMs/medical colleges typically have hostels). Verify with institution.
UP-ENG-003,Yes,Yes,Unknown,Unknown,Hostel availability based on institutional type (IITs/NITs/IIMs/medical colleges typically have hostels). Verify with institution.
UP-MED-001,Yes,Yes,Unknown,Unknown,Hostel availability based on institutional type (IITs/NITs/IIMs/medical colleges typically have hostels). Verify with institution.
UP-MED-002,Yes,Yes,Unknown,Unknown,Hostel availability based on institutional type (IITs/NITs/IIMs/medical colleges typically have hostels). Verify with institution.
UP-LAW-001,Unknown,Unknown,Unknown,Unknown,Hostel availability based on institutional type (IITs/NITs/IIMs/medical colleges typically have hostels). Verify with institution.
UP-MGT-001,Yes,Yes,Unknown,Unknown,Hostel availability based on institutional type (IITs/NITs/IIMs/medical colleges typically have hostels). Verify with institution.
UP-AGR-001,Yes,Yes,Unknown,Unknown,Hostel availability based on institutional type (IITs/NITs/IIMs/medical colleges typically have hostels). Verify with institution.
UP-SCI-001,Yes,Yes,Unknown,Unknown,Hostel availability based on institutional type (IITs/NITs/IIMs/medical colleges typically have hostels). Verify with institution.
