College_ID,College_Name,Suggested_Image_Search,Official_Image_Page,Image_File
KA-ENG-001,National Institute of Technology Karnataka Surathkal,National Institute of Technology Karnataka Surathkal campus official,https://www.nitk.ac.in,nit_karnataka_surathkal.jpg
KA-ENG-002,Manipal Institute of Technology,Manipal Institute of Technology campus official,https://manipal.edu/mit.html,manipal_it.jpg
KA-ENG-003,International Institute of Information Technology Bangalore,International Institute of Information Technology Bangalore campus official,https://www.iiitb.ac.in,iiit_bangalore.jpg
KA-ENG-004,M. S. Ramaiah Institute of Technology,M. S. Ramaiah Institute of Technology campus official,https://www.msrit.edu,m_s_ramaiah_it.jpg
KA-ENG-005,Christ University,Christ University campus official,https://christuniversity.in,christ_univ.jpg
KA-ENG-006,Jain University,Jain University campus official,https://www.jainuniversity.ac.in,jain_univ.jpg
KA-ENG-007,R. V. College of Engineering,R. V. College of Engineering campus official,https://rvce.edu.in,r_v_coe.jpg
KA-ENG-008,Siddaganga Institute of Technology,Siddaganga Institute of Technology campus official,https://sit.ac.in,siddaganga_it.jpg
KA-ENG-009,Indian Institute of Technology Dharwad,Indian Institute of Technology Dharwad campus official,https://www.iitdh.ac.in,iit_dharwad.jpg
KA-ENG-010,Nitte Meenakshi Institute of Technology,Nitte Meenakshi Institute of Technology campus official,https://nmit.ac.in,nitte_meenakshi_it.jpg
KA-ENG-011,PES University,PES University campus official,https://pes.edu,pes_univ.jpg
KA-ENG-012,B. M. S. College of Engineering,B. M. S. College of Engineering campus official,https://bmsce.ac.in,b_m_s_coe.jpg
KA-ENG-013,C M R Institute of Technology,C M R Institute of Technology campus official,https://www.cmrit.ac.in,c_m_r_it.jpg
KA-ENG-014,KLE Technological University,KLE Technological University campus official,https://www.kletech.ac.in,kle_technological_univ.jpg
KA-ENG-015,New Horizon College of Engineering,New Horizon College of Engineering campus official,https://newhorizoncollegeofengineering.in,new_horizon_coe.jpg
KA-ENG-016,NMAM Institute of Technology,NMAM Institute of Technology campus official,https://nmamit.nitte.edu.in,nmam_it.jpg
KA-ENG-017,The National Institute of Engineering,The National Institute of Engineering campus official,https://nie.ac.in,the_national_institute_of_engineering.jpg
KA-MED-001,Bangalore Medical College and Research Institute,Bangalore Medical College and Research Institute campus official,https://bmcri.org,bangalore_medical_college_and_research_i.jpg
KA-MED-002,Kasturba Medical College Manipal,Kasturba Medical College Manipal campus official,https://manipal.edu/kmc-manipal.html,kasturba_medical_college_manipal.jpg
KA-MED-003,JSS Medical College,JSS Medical College campus official,https://www.jssuni.edu.in,jss_medical_college.jpg
KA-MED-004,St. John's Medical College,St. John's Medical College campus official,https://www.stjohns.in,st_johns_medical_college.jpg
KA-LAW-001,National Law School of India University,National Law School of India University campus official,https://www.nls.ac.in,national_law_school_of_india_univ.jpg
KA-MGT-001,Indian Institute of Management Bangalore,Indian Institute of Management Bangalore campus official,https://www.iimb.ac.in,iim_bangalore.jpg
KA-PHR-001,JSS College of Pharmacy Mysuru,JSS College of Pharmacy Mysuru campus official,https://www.jssuni.edu.in,jss_college_of_pharmacy_mysuru.jpg
KA-AGR-001,University of Agricultural Sciences Bangalore,University of Agricultural Sciences Bangalore campus official,https://uasbangalore.edu.in,univ_of_agricultural_sciences_bangalore.jpg
KA-AGR-002,University of Agricultural Sciences Dharwad,University of Agricultural Sciences Dharwad campus official,https://uasd.edu,univ_of_agricultural_sciences_dharwad.jpg
KA-SCI-001,Indian Institute of Science,Indian Institute of Science campus official,https://www.iisc.ac.in,iisc.jpg
KA-DES-001,National Institute of Fashion Technology Bengaluru,National Institute of Fashion Technology Bengaluru campus official,https://www.nift.ac.in/bangalore,nift_bengaluru.jpg
TN-ENG-001,Indian Institute of Technology Madras,Indian Institute of Technology Madras campus official,https://www.iitm.ac.in,iit_madras.jpg
TN-ENG-002,National Institute of Technology Tiruchirappalli,National Institute of Technology Tiruchirappalli campus official,https://www.nitt.edu,nit_tiruchirappalli.jpg
TN-ENG-003,College of Engineering Guindy (Anna University),College of Engineering Guindy (Anna University) campus official,https://www.annauniv.edu,coe_guindy_anna_univ.jpg
TN-ENG-004,Vellore Institute of Technology,Vellore Institute of Technology campus official,https://vit.ac.in,vellore_it.jpg
TN-ENG-005,SRM Institute of Science and Technology,SRM Institute of Science and Technology campus official,https://www.srmist.edu.in,srm_institute_of_science_and_technology.jpg
TN-ENG-006,PSG College of Technology,PSG College of Technology campus official,https://www.psgtech.edu,psg_college_of_technology.jpg
TN-MED-001,Christian Medical College Vellore,Christian Medical College Vellore campus official,https://www.cmch-vellore.edu,christian_medical_college_vellore.jpg
TN-MED-002,Madras Medical College,Madras Medical College campus official,Unknown,madras_medical_college.jpg
TN-MED-003,Sri Ramachandra Institute of Higher Education and Research,Sri Ramachandra Institute of Higher Education and Research campus official,https://www.sriramachandra.edu.in,sri_ramachandra_institute_of_higher_educ.jpg
TN-LAW-001,Tamil Nadu National Law University,Tamil Nadu National Law University campus official,https://tnnlu.ac.in,tamil_nadu_national_law_univ.jpg
TN-MGT-001,Indian Institute of Management Tiruchirappalli,Indian Institute of Management Tiruchirappalli campus official,https://www.iimtrichy.ac.in,iim_tiruchirappalli.jpg
TN-COM-001,Loyola College Chennai,Loyola College Chennai campus official,https://www.loyolacollege.edu,loyola_college_chennai.jpg
TN-AGR-001,Tamil Nadu Agricultural University,Tamil Nadu Agricultural University campus official,https://tnau.ac.in,tamil_nadu_agricultural_univ.jpg
TN-DES-001,National Institute of Fashion Technology Chennai,National Institute of Fashion Technology Chennai campus official,https://www.nift.ac.in/chennai,nift_chennai.jpg
TN-PHR-001,JSS College of Pharmacy Ooty,JSS College of Pharmacy Ooty campus official,https://www.jssuni.edu.in,jss_college_of_pharmacy_ooty.jpg
TN-SCI-001,Madras Christian College,Madras Christian College campus official,https://www.mcc.edu.in,madras_christian_college.jpg
KL-ENG-001,National Institute of Technology Calicut,National Institute of Technology Calicut campus official,https://www.nitc.ac.in,nit_calicut.jpg
KL-ENG-002,College of Engineering Trivandrum,College of Engineering Trivandrum campus official,https://www.cet.ac.in,coe_trivandrum.jpg
KL-ENG-003,Amrita Vishwa Vidyapeetham,Amrita Vishwa Vidyapeetham campus official,https://www.amrita.edu,amrita_vishwa_vidyapeetham.jpg
KL-MED-001,Government Medical College Thiruvananthapuram,Government Medical College Thiruvananthapuram campus official,Unknown,government_medical_college_thiruvanantha.jpg
KL-MED-002,Government Medical College Kottayam,Government Medical College Kottayam campus official,Unknown,government_medical_college_kottayam.jpg
KL-MED-003,Amrita Institute of Medical Sciences,Amrita Institute of Medical Sciences campus official,https://www.amrita.edu/school/medicine,amrita_institute_of_medical_sciences.jpg
KL-LAW-001,National University of Advanced Legal Studies,National University of Advanced Legal Studies campus official,https://www.nuals.ac.in,national_univ_of_advanced_legal_studies.jpg
KL-SCI-001,Indian Institute of Science Education and Research Thiruvananthapuram,Indian Institute of Science Education and Research Thiruvananthapuram campus official,https://www.iisertvm.ac.in,iiser_thiruvananthapuram.jpg
KL-MGT-001,Indian Institute of Management Kozhikode,Indian Institute of Management Kozhikode campus official,https://www.iimk.ac.in,iim_kozhikode.jpg
KL-AGR-001,Kerala Agricultural University,Kerala Agricultural University campus official,https://kau.in,kerala_agricultural_univ.jpg
TS-ENG-001,Indian Institute of Technology Hyderabad,Indian Institute of Technology Hyderabad campus official,https://www.iith.ac.in,iit_hyderabad.jpg
TS-ENG-002,National Institute of Technology Warangal,National Institute of Technology Warangal campus official,https://www.nitw.ac.in,nit_warangal.jpg
TS-ENG-003,International Institute of Information Technology Hyderabad,International Institute of Information Technology Hyderabad campus official,https://www.iiit.ac.in,iiit_hyderabad.jpg
TS-ENG-004,BITS Pilani Hyderabad Campus,BITS Pilani Hyderabad Campus campus official,https://www.bits-pilani.ac.in/hyderabad,bits_pilani_hyderabad_campus.jpg
TS-ENG-005,Osmania University College of Engineering,Osmania University College of Engineering campus official,Unknown,osmania_univ_coe.jpg
TS-MED-001,Osmania Medical College,Osmania Medical College campus official,Unknown,osmania_medical_college.jpg
TS-MED-002,Nizam's Institute of Medical Sciences,Nizam's Institute of Medical Sciences campus official,https://www.nims.edu.in,nizams_institute_of_medical_sciences.jpg
TS-LAW-001,NALSAR University of Law,NALSAR University of Law campus official,https://www.nalsar.ac.in,nalsar_univ_of_law.jpg
TS-PHR-001,National Institute of Pharmaceutical Education and Research Hyderabad,National Institute of Pharmaceutical Education and Research Hyderabad campus official,https://www.niperhyd.ac.in,national_institute_of_pharmaceutical_edu.jpg
TS-SCI-001,University of Hyderabad,University of Hyderabad campus official,https://uohyd.ac.in,univ_of_hyderabad.jpg
AP-ENG-001,Indian Institute of Technology Tirupati,Indian Institute of Technology Tirupati campus official,https://www.iittp.ac.in,iit_tirupati.jpg
AP-ENG-002,National Institute of Technology Andhra Pradesh,National Institute of Technology Andhra Pradesh campus official,https://www.nitandhra.ac.in,nit_andhra_pradesh.jpg
AP-ENG-003,Andhra University College of Engineering,Andhra University College of Engineering campus official,https://www.andhrauniversity.edu.in,andhra_univ_coe.jpg
AP-MED-001,Andhra Medical College,Andhra Medical College campus official,Unknown,andhra_medical_college.jpg
AP-MED-002,Sri Venkateswara Medical College,Sri Venkateswara Medical College campus official,Unknown,sri_venkateswara_medical_college.jpg
AP-LAW-001,Damodaram Sanjivayya National Law University,Damodaram Sanjivayya National Law University campus official,https://www.dsnlu.ac.in,damodaram_sanjivayya_national_law_univ.jpg
AP-AGR-001,Acharya N.G. Ranga Agricultural University,Acharya N.G. Ranga Agricultural University campus official,https://angrau.ac.in,acharya_ng_ranga_agricultural_univ.jpg
MH-ENG-001,Indian Institute of Technology Bombay,Indian Institute of Technology Bombay campus official,https://www.iitb.ac.in,iit_bombay.jpg
MH-ENG-002,Veermata Jijabai Technological Institute,Veermata Jijabai Technological Institute campus official,https://vjti.ac.in,veermata_jijabai_technological_institute.jpg
MH-ENG-003,College of Engineering Pune,College of Engineering Pune campus official,https://www.coep.org.in,coe_pune.jpg
MH-ENG-004,Institute of Chemical Technology Mumbai,Institute of Chemical Technology Mumbai campus official,https://www.ictmumbai.edu.in,institute_of_chemical_technology_mumbai.jpg
MH-MED-001,Seth G.S. Medical College and KEM Hospital,Seth G.S. Medical College and KEM Hospital campus official,Unknown,seth_gs_medical_college_and_kem_hospital.jpg
MH-MED-002,Grant Medical College Mumbai,Grant Medical College Mumbai campus official,Unknown,grant_medical_college_mumbai.jpg
MH-MED-003,B. J. Government Medical College Pune,B. J. Government Medical College Pune campus official,Unknown,b_j_government_medical_college_pune.jpg
MH-MED-004,Armed Forces Medical College Pune,Armed Forces Medical College Pune campus official,https://afmc.nic.in,armed_forces_medical_college_pune.jpg
MH-COM-001,Sydenham College of Commerce and Economics,Sydenham College of Commerce and Economics campus official,Unknown,sydenham_college_of_commerce_and_economi.jpg
MH-MGT-001,S.P. Jain Institute of Management and Research,S.P. Jain Institute of Management and Research campus official,https://www.spjimr.org,sp_jain_institute_of_management_and_rese.jpg
MH-MGT-002,NMIMS University Mumbai,NMIMS University Mumbai campus official,https://www.nmims.edu,nmims_univ_mumbai.jpg
MH-LAW-001,Maharashtra National Law University Mumbai,Maharashtra National Law University Mumbai campus official,https://mnlumumbai.edu.in,maharashtra_national_law_univ_mumbai.jpg
MH-LAW-002,ILS Law College Pune,ILS Law College Pune campus official,https://www.ilslaw.in,ils_law_college_pune.jpg
MH-DES-001,National Institute of Fashion Technology Mumbai,National Institute of Fashion Technology Mumbai campus official,https://www.nift.ac.in/mumbai,nift_mumbai.jpg
MH-SCI-001,Indian Institute of Science Education and Research Pune,Indian Institute of Science Education and Research Pune campus official,https://www.iiserpune.ac.in,iiser_pune.jpg
MH-PHR-001,Bombay College of Pharmacy,Bombay College of Pharmacy campus official,https://www.bfrcp.org,bombay_college_of_pharmacy.jpg
DL-ENG-001,Indian Institute of Technology Delhi,Indian Institute of Technology Delhi campus official,https://home.iitd.ac.in,iit_delhi.jpg
DL-ENG-002,Delhi Technological University,Delhi Technological University campus official,https://www.dtu.ac.in,delhi_technological_univ.jpg
DL-ENG-003,Netaji Subhas University of Technology,Netaji Subhas University of Technology campus official,https://www.nsut.ac.in,netaji_subhas_univ_of_technology.jpg
DL-ENG-004,Indraprastha Institute of Information Technology Delhi,Indraprastha Institute of Information Technology Delhi campus official,https://iiitd.ac.in,indraprastha_institute_of_information_te.jpg
DL-MED-001,All India Institute of Medical Sciences New Delhi,All India Institute of Medical Sciences New Delhi campus official,https://www.aiims.edu,aiims_new_delhi.jpg
DL-MED-002,Maulana Azad Medical College,Maulana Azad Medical College campus official,https://www.mamc.ac.in,maulana_azad_medical_college.jpg
DL-MED-003,Lady Hardinge Medical College,Lady Hardinge Medical College campus official,Unknown,lady_hardinge_medical_college.jpg
DL-COM-001,Shri Ram College of Commerce,Shri Ram College of Commerce campus official,https://www.srcc.edu,shri_ram_college_of_commerce.jpg
DL-COM-002,Hindu College,Hindu College campus official,https://www.hinducollege.ac.in,hindu_college.jpg
DL-COM-003,Lady Shri Ram College for Women,Lady Shri Ram College for Women campus official,https://www.lsr.edu.in,lady_shri_ram_college_for_women.jpg
DL-MGT-001,Faculty of Management Studies University of Delhi,Faculty of Management Studies University of Delhi campus official,https://www.fms.edu,faculty_of_management_studies_univ_of_de.jpg
DL-LAW-001,National Law University Delhi,National Law University Delhi campus official,https://www.nludelhi.ac.in,national_law_univ_delhi.jpg
DL-LAW-002,Faculty of Law University of Delhi,Faculty of Law University of Delhi campus official,https://lawfaculty.du.ac.in,faculty_of_law_univ_of_delhi.jpg
DL-DES-001,National Institute of Fashion Technology New Delhi,National Institute of Fashion Technology New Delhi campus official,https://www.nift.ac.in/delhi,nift_new_delhi.jpg
DL-SCI-001,St. Stephen's College,St. Stephen's College campus official,https://www.ststephens.edu,st_stephens_college.jpg
GJ-ENG-001,Indian Institute of Technology Gandhinagar,Indian Institute of Technology Gandhinagar campus official,https://www.iitgn.ac.in,iit_gandhinagar.jpg
GJ-ENG-002,Sardar Vallabhbhai National Institute of Technology Surat,Sardar Vallabhbhai National Institute of Technology Surat campus official,https://www.svnit.ac.in,sardar_vallabhbhai_nit_surat.jpg
GJ-ENG-003,Dhirubhai Ambani Institute of Information and Communication Technology,Dhirubhai Ambani Institute of Information and Communication Technology campus official,https://www.daiict.ac.in,dhirubhai_ambani_institute_of_informatio.jpg
GJ-MED-001,B. J. Medical College Ahmedabad,B. J. Medical College Ahmedabad campus official,Unknown,b_j_medical_college_ahmedabad.jpg
GJ-MGT-001,Indian Institute of Management Ahmedabad,Indian Institute of Management Ahmedabad campus official,https://www.iima.ac.in,iim_ahmedabad.jpg
GJ-LAW-001,Gujarat National Law University,Gujarat National Law University campus official,https://www.gnlu.ac.in,gujarat_national_law_univ.jpg
GJ-DES-001,National Institute of Design Ahmedabad,National Institute of Design Ahmedabad campus official,https://www.nid.edu,nid_ahmedabad.jpg
GJ-PHR-001,L. M. College of Pharmacy Ahmedabad,L. M. College of Pharmacy Ahmedabad campus official,Unknown,l_m_college_of_pharmacy_ahmedabad.jpg
GJ-AGR-001,Anand Agricultural University,Anand Agricultural University campus official,https://www.aau.in,anand_agricultural_univ.jpg
UP-ENG-001,Indian Institute of Technology Kanpur,Indian Institute of Technology Kanpur campus official,https://www.iitk.ac.in,iit_kanpur.jpg
UP-ENG-002,Indian Institute of Technology (BHU) Varanasi,Indian Institute of Technology (BHU) Varanasi campus official,https://www.iitbhu.ac.in,iit_bhu_varanasi.jpg
UP-ENG-003,Motilal Nehru National Institute of Technology Allahabad,Motilal Nehru National Institute of Technology Allahabad campus official,https://www.mnnit.ac.in,motilal_nehru_nit_allahabad.jpg
UP-MED-001,King George's Medical University,King George's Medical University campus official,https://www.kgmu.org,king_georges_medical_univ.jpg
UP-MED-002,Institute of Medical Sciences Banaras Hindu University,Institute of Medical Sciences Banaras Hindu University campus official,https://www.bhu.ac.in/ims,institute_of_medical_sciences_banaras_hi.jpg
UP-LAW-001,Dr. Ram Manohar Lohia National Law University,Dr. Ram Manohar Lohia National Law University campus official,https://www.rmlnlu.ac.in,dr_ram_manohar_lohia_national_law_univ.jpg
UP-MGT-001,Indian Institute of Management Lucknow,Indian Institute of Management Lucknow campus official,https://www.iiml.ac.in,iim_lucknow.jpg
UP-AGR-001,G.B. Pant University of Agriculture and Technology,G.B. Pant University of Agriculture and Technology campus official,https://www.gbpuat.ac.in,gb_pant_univ_of_agriculture_and_technolo.jpg
UP-SCI-001,Banaras Hindu University Faculty of Science,Banaras Hindu University Faculty of Science campus official,https://www.bhu.ac.in,banaras_hindu_univ_faculty_of_science.jpg
